date,country,energy_consumption,renewable_share
2020-01-01,Turkey,684709.92,37.26560326789256
2020-01-02,Turkey,847302.41,45.03115087692271
2020-01-03,Turkey,865973.49,39.83162937471098
2020-01-04,Turkey,829433.44,32.866617648833206
2020-01-05,Turkey,748317.48,33.188627251925006
2020-01-06,Turkey,887804.38,42.85666383084494
2020-01-07,Turkey,895241.79,40.679344085761905
2020-01-08,Turkey,898365.05,40.23805281482966
2020-01-09,Turkey,892108.7,38.59887028541781
2020-01-10,Turkey,876909.29,33.39305987646369
2020-01-11,Turkey,821203.77,27.908805596219032
2020-01-12,Turkey,746468.33,29.245919223966105
2020-01-13,Turkey,852470.62,32.01992074289699
2020-01-14,Turkey,872791.76,29.158785681602296
2020-01-15,Turkey,872529.74,29.726692976282255
2020-01-16,Turkey,878883.2,35.07493489435009
2020-01-17,Turkey,886715.9299999999,38.52948966652118
2020-01-18,Turkey,835114.66,33.54957356719308
2020-01-19,Turkey,747731.99,32.88073415639413
2020-01-20,Turkey,877987.52,37.68720559616594
2020-01-21,Turkey,890608.89,37.16611293655859
2020-01-22,Turkey,872373.48,34.24283728915445
2020-01-23,Turkey,883943.89,34.01086642016491
2020-01-24,Turkey,872097.09,33.59691188707032
2020-01-25,Turkey,811332.31,29.76163342822989
2020-01-26,Turkey,720613.67,29.017625877116533
2020-01-27,Turkey,841879.57,31.378617334372578
2020-01-28,Turkey,866572.36,30.966555325551344
2020-01-29,Turkey,860138.5599999999,31.319999824688914
2020-01-30,Turkey,876989.35,32.367544294643736
2020-01-31,Turkey,859002.66,31.267989376291755
2020-02-01,Turkey,806502.33,30.515585286882313
2020-02-02,Turkey,713143.56,31.914794152477498
2020-02-03,Turkey,829332.05,37.23648914629638
2020-02-04,Turkey,855879.93,35.92329684810946
2020-02-05,Turkey,866223.14,41.120072215731525
2020-02-06,Turkey,865372.31,40.10157340614217
2020-02-07,Turkey,885231.24,44.40364033374607
2020-02-08,Turkey,847526.39,51.05341173727738
2020-02-09,Turkey,756640.91,46.86652353080172
2020-02-10,Turkey,879051.42,41.4332951892529
2020-02-11,Turkey,903708.74,43.758696483567554
2020-02-12,Turkey,907224.11,39.86539453446397
2020-02-13,Turkey,889242.69,39.583368047659334
2020-02-14,Turkey,879304.58,37.24316562354094
2020-02-15,Turkey,845467.39,43.430254325814346
2020-02-16,Turkey,742759.35,55.76614659559771
2020-02-17,Turkey,837514.78,44.04207106205752
2020-02-18,Turkey,848395.35,39.09283256666789
2020-02-19,Turkey,844720.03,37.752321117088776
2020-02-20,Turkey,855440.93,39.833293722705626
2020-02-21,Turkey,874134.77,47.03680640058746
2020-02-22,Turkey,834455.12,47.40968614814254
2020-02-23,Turkey,735275.35,50.17595379533508
2020-02-24,Turkey,828009.71,43.40173008875423
2020-02-25,Turkey,824913.04,42.6838657835005
2020-02-26,Turkey,808300.65,52.211480570767336
2020-02-27,Turkey,825594.51,54.46456271538245
2020-02-28,Turkey,823325.47,47.67753308183643
2020-02-29,Turkey,811958.31,49.67351775689673
2020-03-01,Turkey,705723.8,50.10892842259601
2020-03-02,Turkey,790832.42,49.34007664650681
2020-03-03,Turkey,797289.81,51.693337876715276
2020-03-04,Turkey,800460.78,51.00500927614584
2020-03-05,Turkey,818956.29,47.54582616784097
2020-03-06,Turkey,813434.21,47.27644462524294
2020-03-07,Turkey,756584.1,54.35918731156261
2020-03-08,Turkey,664821.68,56.861701862016844
2020-03-09,Turkey,760167.8,49.19194706160565
2020-03-10,Turkey,798499.28,53.35927828990202
2020-03-11,Turkey,796924.21,47.37187840641114
2020-03-12,Turkey,800149.86,55.980776355778204
2020-03-13,Turkey,806942.46,56.702212905018456
2020-03-14,Turkey,764123.16,51.92732807001852
2020-03-15,Turkey,683480.46,60.10816034507593
2020-03-16,Turkey,825432.12,58.84322103625033
2020-03-17,Turkey,841125.23,56.34784728252089
2020-03-18,Turkey,846577.51,55.404569594814454
2020-03-19,Turkey,860904.58,54.97591785464143
2020-03-20,Turkey,838763.81,52.1698642552965
2020-03-21,Turkey,757048.53,50.701201858909215
2020-03-22,Turkey,658185.0,58.45455623208407
2020-03-23,Turkey,743675.96,54.26218811277198
2020-03-24,Turkey,761454.38,55.55864605226694
2020-03-25,Turkey,760079.2,60.701999973155786
2020-03-26,Turkey,747216.03,59.09666729185737
2020-03-27,Turkey,754117.8,57.235268345182156
2020-03-28,Turkey,713398.15,57.88732800067954
2020-03-29,Turkey,653014.66,59.26600134546058
2020-03-30,Turkey,704897.02,56.58905391516584
2020-03-31,Turkey,715871.58,63.57448063698944
2020-04-01,Turkey,715345.41,67.47447865754397
2020-04-02,Turkey,709182.17,63.432105298817795
2020-04-03,Turkey,707867.57,57.78725206244314
2020-04-04,Turkey,655353.93,63.31004389967884
2020-04-05,Turkey,598088.31,71.88845948586449
2020-04-06,Turkey,659006.94,68.67229733706324
2020-04-07,Turkey,661495.86,72.3112949972475
2020-04-08,Turkey,659296.38,73.86052292475209
2020-04-09,Turkey,658604.17,70.75219382840918
2020-04-10,Turkey,645915.71,68.28285719912942
2020-04-11,Turkey,542413.58,66.53618981904667
2020-04-12,Turkey,512841.8,69.40593115928661
2020-04-13,Turkey,614183.09,62.977598171474284
2020-04-14,Turkey,630531.0700000001,64.10949499224873
2020-04-15,Turkey,662756.2,66.7355374986091
2020-04-16,Turkey,661559.73,69.4779336131255
2020-04-17,Turkey,638948.77,57.65557061161738
2020-04-18,Turkey,571887.4400000001,62.674591516951025
2020-04-19,Turkey,544159.42,60.820648405576236
2020-04-20,Turkey,640075.02,60.7343932903365
2020-04-21,Turkey,693527.31,63.162739213203935
2020-04-22,Turkey,692244.82,69.11914539060521
2020-04-23,Turkey,601854.3200000001,73.35233401880622
2020-04-24,Turkey,615704.21,69.13170879142373
2020-04-25,Turkey,589814.33,60.641017707915736
2020-04-26,Turkey,559624.0,60.30298384115256
2020-04-27,Turkey,658149.96,52.831332094198736
2020-04-28,Turkey,675960.87,51.097326511759256
2020-04-29,Turkey,679041.02,49.67532642669741
2020-04-30,Turkey,675156.31,52.63724671739358
2020-05-01,Turkey,576438.44,53.99596122543123
2020-05-02,Turkey,564462.76,58.587571020098295
2020-05-03,Turkey,563012.22,60.27753390011058
2020-05-04,Turkey,668556.79,59.20366819534072
2020-05-05,Turkey,685103.06,55.913798444090276
2020-05-06,Turkey,680188.83,59.791578231455155
2020-05-07,Turkey,695906.64,59.928339981438974
2020-05-08,Turkey,684811.34,62.880713461808554
2020-05-09,Turkey,608681.3,66.92643577287343
2020-05-10,Turkey,551451.98,61.74332457781164
2020-05-11,Turkey,663843.02,63.994020886396385
2020-05-12,Turkey,686162.28,68.33364838333303
2020-05-13,Turkey,695367.05,58.68021116609833
2020-05-14,Turkey,704392.46,54.46350154718703
2020-05-15,Turkey,710643.73,53.41877526800955
2020-05-16,Turkey,672842.86,55.346699211784546
2020-05-17,Turkey,633932.4,59.06210273672274
2020-05-18,Turkey,669335.29,56.41031981708856
2020-05-19,Turkey,650360.0,54.395218180731796
2020-05-20,Turkey,733327.51,50.054416815738264
2020-05-21,Turkey,733876.51,55.74869081106958
2020-05-22,Turkey,683239.45,61.65549933561992
2020-05-23,Turkey,531441.49,66.594796841822
2020-05-24,Turkey,457272.13,71.05488607433504
2020-05-25,Turkey,460777.89,68.64670964259221
2020-05-26,Turkey,485418.68,71.70313520971686
2020-05-27,Turkey,628652.7,64.51487173680091
2020-05-28,Turkey,678092.94,57.05240625560691
2020-05-29,Turkey,681308.84,52.51816107706756
2020-05-30,Turkey,626063.63,54.926097325108216
2020-05-31,Turkey,576760.01,55.90334545155356
2020-06-01,Turkey,692180.4299999999,48.5703773055924
2020-06-02,Turkey,713611.87,45.095013483898185
2020-06-03,Turkey,714103.15,42.53621757796762
2020-06-04,Turkey,717261.75,43.3602280722212
2020-06-05,Turkey,710417.44,43.55205629592334
2020-06-06,Turkey,693164.99,45.426557615393996
2020-06-07,Turkey,631052.9,42.96416052884058
2020-06-08,Turkey,744076.91,39.53050900189
2020-06-09,Turkey,776807.71,36.89424594275725
2020-06-10,Turkey,781937.1,36.98725821514191
2020-06-11,Turkey,780733.5700000001,37.433405940350575
2020-06-12,Turkey,766357.83,37.72515952165305
2020-06-13,Turkey,723750.23,36.70008774954585
2020-06-14,Turkey,642366.39,40.420265367055634
2020-06-15,Turkey,756603.23,39.738286714287554
2020-06-16,Turkey,783041.3,37.67062826347293
2020-06-17,Turkey,796435.31,36.85887728262591
2020-06-18,Turkey,792419.38,36.5031880524058
2020-06-19,Turkey,780278.63,37.86727781133086
2020-06-20,Turkey,735059.9,40.829948111486466
2020-06-21,Turkey,665291.86,40.87915401647569
2020-06-22,Turkey,769526.75,38.26546688904354
2020-06-23,Turkey,788846.33,36.188173412407934
2020-06-24,Turkey,796497.01,35.37277042394927
2020-06-25,Turkey,809295.6799999999,41.27452595555143
2020-06-26,Turkey,814956.4299999999,43.839087279752306
2020-06-27,Turkey,773708.35,43.25775496078308
2020-06-28,Turkey,704713.94,43.446219121979574
2020-06-29,Turkey,824818.72,39.236660638261846
2020-06-30,Turkey,846665.63,40.52824596872745
2020-07-01,Turkey,862148.65,40.696957409304886
2020-07-02,Turkey,893230.11,40.34594955048419
2020-07-03,Turkey,903751.45,38.28208313492302
2020-07-04,Turkey,868515.5700000001,34.45582066156621
2020-07-05,Turkey,780494.44,35.67100631242024
2020-07-06,Turkey,909384.71,39.85060000073436
2020-07-07,Turkey,932351.3099999999,37.494463860364746
2020-07-08,Turkey,903986.14,38.871894533032105
2020-07-09,Turkey,897098.65,38.75640871789448
2020-07-10,Turkey,893200.84,40.50055108877681
2020-07-11,Turkey,864536.25,37.51681892049358
2020-07-12,Turkey,780958.02,40.46170499043486
2020-07-13,Turkey,881772.01,42.24187464012042
2020-07-14,Turkey,892768.46,42.50625412137656
2020-07-15,Turkey,837026.94,39.116928511301765
2020-07-16,Turkey,900075.86,38.98362075923521
2020-07-17,Turkey,900560.29,38.89908970567251
2020-07-18,Turkey,872482.92,37.75328341109165
2020-07-19,Turkey,793077.96,35.284733200997294
2020-07-20,Turkey,915610.19,39.19752652315918
2020-07-21,Turkey,936001.81,40.148488930922746
2020-07-22,Turkey,936079.98,41.980553194901404
2020-07-23,Turkey,943190.4299999999,42.55873332270515
2020-07-24,Turkey,942040.12,40.62692994877984
2020-07-25,Turkey,904989.36,34.71004997223764
2020-07-26,Turkey,829940.6,32.58862003505072
2020-07-27,Turkey,930487.8,38.89813312473271
2020-07-28,Turkey,948337.34,39.62995267187113
2020-07-29,Turkey,932612.97,39.05799539789893
2020-07-30,Turkey,792667.51,36.9855368745006
2020-07-31,Turkey,661680.72,38.13496110043702
2020-08-01,Turkey,687515.27,38.57984473200491
2020-08-02,Turkey,703421.39,39.5708377319944
2020-08-03,Turkey,723009.24,39.29154722021757
2020-08-04,Turkey,868928.54,38.5321680165751
2020-08-05,Turkey,916504.5,38.00904311420414
2020-08-06,Turkey,937519.0599999999,38.087622861635204
2020-08-07,Turkey,941576.0,38.4349295792597
2020-08-08,Turkey,900241.77,37.875240609865145
2020-08-09,Turkey,815634.9299999999,37.160715235233646
2020-08-10,Turkey,905926.47,42.57176996752968
2020-08-11,Turkey,936974.53,41.17579556759504
2020-08-12,Turkey,944679.28,40.5574796038026
2020-08-13,Turkey,948121.03,40.60067952865724
2020-08-14,Turkey,933138.47,39.9080749348724
2020-08-15,Turkey,881591.6699999999,36.38286767537679
2020-08-16,Turkey,795158.69,34.10452034258662
2020-08-17,Turkey,899357.98,38.59629421048977
2020-08-18,Turkey,923020.75,35.732349934849836
2020-08-19,Turkey,939354.6,36.334632701721944
2020-08-20,Turkey,926350.05,37.26176924022043
2020-08-21,Turkey,924300.82,35.9023909778075
2020-08-22,Turkey,881469.53,33.632614214601475
2020-08-23,Turkey,791904.57,32.296566336133495
2020-08-24,Turkey,904481.8,37.355320172810664
2020-08-25,Turkey,927638.55,36.32271768203618
2020-08-26,Turkey,929606.28,39.09635352891012
2020-08-27,Turkey,926964.76,37.611116726301354
2020-08-28,Turkey,926635.09,36.47094876494052
2020-08-29,Turkey,892095.0,33.47198549288766
2020-08-30,Turkey,798246.5599999999,27.20328003498585
2020-08-31,Turkey,924781.1900000001,33.66181726061532
2020-09-01,Turkey,944254.96,34.39513067908558
2020-09-02,Turkey,954382.59,34.62163696543435
2020-09-03,Turkey,998057.95,35.195876496237396
2020-09-04,Turkey,978332.55,34.8254543359906
2020-09-05,Turkey,882692.88,34.97826846146606
2020-09-06,Turkey,789443.72,27.818795613913096
2020-09-07,Turkey,897188.81,32.990225065668746
2020-09-08,Turkey,925971.12,35.142975462748495
2020-09-09,Turkey,923650.82,36.53944912089976
2020-09-10,Turkey,916039.86,36.69342964343654
2020-09-11,Turkey,917625.66,36.465996664275686
2020-09-12,Turkey,879797.56,34.85577465332291
2020-09-13,Turkey,781098.17,28.031989208188484
2020-09-14,Turkey,889060.67,36.06453474660646
2020-09-15,Turkey,908573.01,36.249037066907036
2020-09-16,Turkey,903336.04,36.21814274272006
2020-09-17,Turkey,903701.3,33.56559835284349
2020-09-18,Turkey,897374.66,33.119852646681615
2020-09-19,Turkey,847370.95,33.1966299469661
2020-09-20,Turkey,745505.61,30.194908419346312
2020-09-21,Turkey,835606.59,34.99907353766384
2020-09-22,Turkey,856220.47,33.46451730466023
2020-09-23,Turkey,859966.67,32.1210781008433
2020-09-24,Turkey,861429.21,31.64651145109766
2020-09-25,Turkey,856832.11,31.12892879781932
2020-09-26,Turkey,813784.86,31.133671233484623
2020-09-27,Turkey,730676.37,26.89275216851715
2020-09-28,Turkey,831627.61,31.536094199931103
2020-09-29,Turkey,858304.38,33.107220335313905
2020-09-30,Turkey,836595.44,29.307479405735187
2020-10-01,Turkey,823096.18,28.384833732628874
2020-10-02,Turkey,806916.14,30.09504797394636
2020-10-03,Turkey,779587.3,28.265443377621775
2020-10-04,Turkey,693182.86,23.959652012738772
2020-10-05,Turkey,801059.13,31.308207016272522
2020-10-06,Turkey,828383.48,32.445137896459286
2020-10-07,Turkey,834923.28,31.82610855869839
2020-10-08,Turkey,824844.73,31.69483065656466
2020-10-09,Turkey,805623.59,30.244503184544286
2020-10-10,Turkey,767270.6,28.134100592586226
2020-10-11,Turkey,678916.85,23.03396908802921
2020-10-12,Turkey,783178.99,30.05871641323099
2020-10-13,Turkey,802172.5,34.366495232916996
2020-10-14,Turkey,805458.42,32.537962117155026
2020-10-15,Turkey,802256.97,30.365830425782146
2020-10-16,Turkey,798420.96,28.901472959345554
2020-10-17,Turkey,764444.73,26.094523598229035
2020-10-18,Turkey,679279.61,19.56997100792438
2020-10-19,Turkey,781753.55,28.293586997153607
2020-10-20,Turkey,800819.83,27.963085466840386
2020-10-21,Turkey,801218.85,29.275709797438093
2020-10-22,Turkey,794756.39,25.738195949632086
2020-10-23,Turkey,789098.06,25.358495940940394
2020-10-24,Turkey,757547.5700000001,24.192980685407193
2020-10-25,Turkey,679216.92,19.085607453621883
2020-10-26,Turkey,768970.7,25.69081580392678
2020-10-27,Turkey,780515.45,26.03198120475101
2020-10-28,Turkey,765615.59,26.384967068677216
2020-10-29,Turkey,728200.91,28.44909747769971
2020-10-30,Turkey,761750.25,30.61850033112333
2020-10-31,Turkey,740137.76,27.621481831983424
2020-11-01,Turkey,670563.53,23.95735888140165
2020-11-02,Turkey,776420.51,25.826333662714458
2020-11-03,Turkey,812240.12,24.503316155223576
2020-11-04,Turkey,825655.54,27.69077737251746
2020-11-05,Turkey,834111.3,31.84541764039584
2020-11-06,Turkey,829071.42,33.816334724665694
2020-11-07,Turkey,788289.08,32.55728902656244
2020-11-08,Turkey,694530.22,29.900367508264846
2020-11-09,Turkey,793090.0,25.578517811111755
2020-11-10,Turkey,820024.07,27.361548910795065
2020-11-11,Turkey,825058.61,28.130883562024184
2020-11-12,Turkey,823822.89,25.66184486974812
2020-11-13,Turkey,823168.3,22.35414365960726
2020-11-14,Turkey,808332.48,22.651381760171894
2020-11-15,Turkey,717593.76,26.627334126088044
2020-11-16,Turkey,818290.34,28.877601904980814
2020-11-17,Turkey,846525.4,24.806654498535398
2020-11-18,Turkey,852670.61,28.62838973795211
2020-11-19,Turkey,869548.8300000001,33.2231268694809
2020-11-20,Turkey,876921.13,32.40365333779822
2020-11-21,Turkey,819413.37,29.37662109301468
2020-11-22,Turkey,731515.51,27.177120355631324
2020-11-23,Turkey,834327.54,26.988171735879945
2020-11-24,Turkey,862513.0,28.312687886323374
2020-11-25,Turkey,883445.88,32.69389196266755
2020-11-26,Turkey,878629.88,32.770801863506605
2020-11-27,Turkey,861509.91,28.332693104413238
2020-11-28,Turkey,828725.13,27.51827940519263
2020-11-29,Turkey,739709.99,21.99878984163961
2020-11-30,Turkey,859760.52,27.285138714977762
2020-12-01,Turkey,891972.95,30.35841383144058
2020-12-02,Turkey,886293.65,26.942033597773158
2020-12-03,Turkey,878146.52,26.511234486066133
2020-12-04,Turkey,862094.62,27.556371032106036
2020-12-05,Turkey,800796.24,24.82136144973683
2020-12-06,Turkey,729666.62,21.85649709326233
2020-12-07,Turkey,847875.04,27.66698403913531
2020-12-08,Turkey,882124.78,30.206658224946594
2020-12-09,Turkey,874822.76,29.084679946372788
2020-12-10,Turkey,872529.4199999999,31.837443138967362
2020-12-11,Turkey,871975.47,31.748653576378587
2020-12-12,Turkey,822322.2,31.893794035688877
2020-12-13,Turkey,752840.3,30.59523968816093
2020-12-14,Turkey,860731.77,34.711745623805605
2020-12-15,Turkey,886191.23,35.37309758433071
2020-12-16,Turkey,882615.21,33.297617848219836
2020-12-17,Turkey,876100.34,28.435166314250417
2020-12-18,Turkey,868705.35,25.538600803901236
2020-12-19,Turkey,817055.55,23.69930550149253
2020-12-20,Turkey,745440.09,20.254680889851638
2020-12-21,Turkey,877486.98,28.236501588312407
2020-12-22,Turkey,903603.08,28.549990226274275
2020-12-23,Turkey,902847.36,28.20094888388519
2020-12-24,Turkey,891441.77,27.420548256877886
2020-12-25,Turkey,872810.8200000001,33.48915338111201
2020-12-26,Turkey,814731.73,32.22508247311145
2020-12-27,Turkey,740596.36,27.888699618345086
2020-12-28,Turkey,858381.13,33.08622689140105
2020-12-29,Turkey,858316.89,32.603655821371206
2020-12-30,Turkey,869980.15,28.323818965274693
2020-12-31,Turkey,824218.31,28.80051311725824
2021-01-01,Turkey,695973.6900000001,30.85376224235685
2021-01-02,Turkey,726646.43,25.452426773222214
2021-01-03,Turkey,720560.6,22.974585399205942
2021-01-04,Turkey,853158.67,28.27492467090058
2021-01-05,Turkey,881358.19,30.36825866149139
2021-01-06,Turkey,892375.75,27.30114544308913
2021-01-07,Turkey,895189.75,30.557469458434905
2021-01-08,Turkey,884973.56,31.54448601438937
2021-01-09,Turkey,834757.47,31.45690032799107
2021-01-10,Turkey,764205.63,31.0197359997612
2021-01-11,Turkey,874355.11,35.334730142265336
2021-01-12,Turkey,885551.85,35.96422821373785
2021-01-13,Turkey,897836.87,34.64639868089781
2021-01-14,Turkey,913345.26,33.33515589947993
2021-01-15,Turkey,916089.16,33.97920881192996
2021-01-16,Turkey,856016.3,31.95117770103868
2021-01-17,Turkey,781390.99,33.56101385811044
2021-01-18,Turkey,922749.29,33.57024994001061
2021-01-19,Turkey,953369.6,32.49511689908992
2021-01-20,Turkey,959062.14,35.293967782310844
2021-01-21,Turkey,954985.61,33.296144258174884
2021-01-22,Turkey,933671.37,33.60504723757506
2021-01-23,Turkey,855256.79,32.57667793187249
2021-01-24,Turkey,781668.17,37.748859137599304
2021-01-25,Turkey,900899.54,38.267578518153194
2021-01-26,Turkey,914853.09,36.897785162094934
2021-01-27,Turkey,924269.0800000001,37.08033626460909
2021-01-28,Turkey,943259.51,32.31523100261113
2021-01-29,Turkey,938143.29,32.23366306788626
2021-01-30,Turkey,864789.33,32.89070495217883
2021-01-31,Turkey,774212.96,29.91195299738596
2021-02-01,Turkey,876771.02,38.09816201948526
2021-02-02,Turkey,881854.64,32.26432846951151
2021-02-03,Turkey,872663.46,28.08329515816225
2021-02-04,Turkey,869403.15,27.55119459904029
2021-02-05,Turkey,860979.34,25.524913927474337
2021-02-06,Turkey,801146.09,27.815312284790362
2021-02-07,Turkey,732673.39,38.36275172047002
2021-02-08,Turkey,841011.6,39.752572238303394
2021-02-09,Turkey,852547.96,38.8196108491907
2021-02-10,Turkey,855512.04,34.81460012418239
2021-02-11,Turkey,858025.66,38.066128133385156
2021-02-12,Turkey,872652.09,34.09962825405831
2021-02-13,Turkey,824272.62,29.550797575997944
2021-02-14,Turkey,759461.46,39.87664173967383
2021-02-15,Turkey,892003.06,37.912818089143805
2021-02-16,Turkey,933733.08,37.43767435105704
2021-02-17,Turkey,946430.38,36.02411969894708
2021-02-18,Turkey,959774.82,32.71016008003116
2021-02-19,Turkey,944481.5,32.45570406949387
2021-02-20,Turkey,868901.27,26.728736750192393
2021-02-21,Turkey,788624.03,28.57814726163388
2021-02-22,Turkey,904450.98,29.82166279096275
2021-02-23,Turkey,912674.45,30.270996022804113
2021-02-24,Turkey,906195.01,32.0144545313982
2021-02-25,Turkey,910088.59,35.82064430254989
2021-02-26,Turkey,887747.59,32.626297064640006
2021-02-27,Turkey,820211.3200000001,31.477748390336203
2021-02-28,Turkey,759916.84,41.91405387917759
2021-03-01,Turkey,889957.49,37.130824500495514
2021-03-02,Turkey,924232.13,36.959274782757156
2021-03-03,Turkey,922986.76,37.84051024640046
2021-03-04,Turkey,916503.1,34.32082507720967
2021-03-05,Turkey,894763.5,32.088409266973684
2021-03-06,Turkey,859649.44,34.416583065251295
2021-03-07,Turkey,781234.92,34.90708750757625
2021-03-08,Turkey,895079.96,32.77029057944357
2021-03-09,Turkey,911945.4400000001,35.47210235730734
2021-03-10,Turkey,913062.79,36.44647845726985
2021-03-11,Turkey,929819.23,37.59343358367263
2021-03-12,Turkey,909940.76,34.337563953120586
2021-03-13,Turkey,858496.19,31.824891544617138
2021-03-14,Turkey,788681.14,28.309529878145824
2021-03-15,Turkey,898966.47,36.5152692547949
2021-03-16,Turkey,917574.02,41.25549118284954
2021-03-17,Turkey,930562.08,39.561392689000805
2021-03-18,Turkey,933718.33,40.60673429990078
2021-03-19,Turkey,924309.05,37.94679873194558
2021-03-20,Turkey,879844.76,34.17050818503149
2021-03-21,Turkey,777130.08,32.671777303756386
2021-03-22,Turkey,891498.0700000001,40.8545140782578
2021-03-23,Turkey,925714.33,44.57819485594626
2021-03-24,Turkey,925528.47,44.61607795689672
2021-03-25,Turkey,935258.91,44.785501403997294
2021-03-26,Turkey,939423.49,41.0051559927023
2021-03-27,Turkey,878048.4400000001,41.74227767550453
2021-03-28,Turkey,763184.48,41.47797118271511
2021-03-29,Turkey,872129.75,42.629216382970135
2021-03-30,Turkey,905853.45,44.44508150886225
2021-03-31,Turkey,910318.92,46.636401310522984
2021-04-01,Turkey,911486.7,46.47218554427382
2021-04-02,Turkey,901848.33,41.76764497674771
2021-04-03,Turkey,825660.45,46.46704261359902
2021-04-04,Turkey,752863.45,54.12443650947907
2021-04-05,Turkey,894104.9,47.349163141328795
2021-04-06,Turkey,895173.49,43.75679762207914
2021-04-07,Turkey,866468.2,49.834037643714
2021-04-08,Turkey,894362.9299999999,47.68669196244143
2021-04-09,Turkey,903354.91,52.49560100026219
2021-04-10,Turkey,856923.5700000001,55.54807079018691
2021-04-11,Turkey,786545.45,51.66996374690448
2021-04-12,Turkey,904241.25,47.48236949068387
2021-04-13,Turkey,911581.92,45.2534691066958
2021-04-14,Turkey,887749.15,46.72208994850177
2021-04-15,Turkey,877433.86,43.74760917437486
2021-04-16,Turkey,874634.85,43.20983251907931
2021-04-17,Turkey,828963.8200000001,45.619825041600684
2021-04-18,Turkey,754931.86,48.26007758519225
2021-04-19,Turkey,858077.44,50.671364838455304
2021-04-20,Turkey,869609.15,50.40260324502876
2021-04-21,Turkey,866681.9,49.41413788970424
2021-04-22,Turkey,864867.23,50.06647906635404
2021-04-23,Turkey,795816.9,50.31914697029279
2021-04-24,Turkey,787842.71,49.63231071047854
2021-04-25,Turkey,746757.64,50.63604176139091
2021-04-26,Turkey,852383.02,50.004264240119014
2021-04-27,Turkey,869846.82,46.854698176957946
2021-04-28,Turkey,871846.77,47.29717188626036
2021-04-29,Turkey,862385.29,45.51637042121539
2021-04-30,Turkey,843358.32,41.74423115185547
2021-05-01,Turkey,764279.12,42.42236235358175
2021-05-02,Turkey,736235.71,45.72060814363723
2021-05-03,Turkey,837764.63,42.879096146624974
2021-05-04,Turkey,852337.33,43.92584226294377
2021-05-05,Turkey,858353.16,40.057194701652946
2021-05-06,Turkey,860488.17,39.75051901476728
2021-05-07,Turkey,845958.86,38.82194550531226
2021-05-08,Turkey,827046.57,41.3202979241718
2021-05-09,Turkey,755010.7,55.28539908937111
2021-05-10,Turkey,802692.99,49.69773698608293
2021-05-11,Turkey,806919.27,43.4457751177861
2021-05-12,Turkey,704211.8,38.31832179668101
2021-05-13,Turkey,602281.55,44.14288218100396
2021-05-14,Turkey,625452.88,47.2176940612137
2021-05-15,Turkey,652588.88,43.157499965138314
2021-05-16,Turkey,677635.69,41.24703731360901
2021-05-17,Turkey,811242.07,39.11470213837196
2021-05-18,Turkey,855112.93,38.12364234832614
2021-05-19,Turkey,829748.24,33.17934998254412
2021-05-20,Turkey,870574.45,39.80301164128079
2021-05-21,Turkey,857452.43,40.747886233684085
2021-05-22,Turkey,814671.95,36.79847433227188
2021-05-23,Turkey,745193.54,35.70955688847652
2021-05-24,Turkey,849188.39,36.48789331794068
2021-05-25,Turkey,881466.24,36.77619138639351
2021-05-26,Turkey,883660.1,34.69821013309395
2021-05-27,Turkey,884167.58,34.020714046296234
2021-05-28,Turkey,869092.34,33.2338818420422
2021-05-29,Turkey,825967.59,33.724126074545055
2021-05-30,Turkey,748399.09,32.04466435379344
2021-05-31,Turkey,843761.9299999999,32.78772778040358
2021-06-01,Turkey,852709.36,30.96140184428992
2021-06-02,Turkey,857938.53,29.355500791632327
2021-06-03,Turkey,867033.33,31.448060982259936
2021-06-04,Turkey,866150.11,33.11582447876788
2021-06-05,Turkey,828783.24,34.21450536480861
2021-06-06,Turkey,737543.17,31.51674880208254
2021-06-07,Turkey,849449.36,28.02116880795908
2021-06-08,Turkey,879212.19,27.60653441531214
2021-06-09,Turkey,880174.76,29.624640429067572
2021-06-10,Turkey,880549.44,29.793982711734795
2021-06-11,Turkey,873481.56,27.0445896316083
2021-06-12,Turkey,835497.6799999999,24.24974219682598
2021-06-13,Turkey,746480.39,24.840429202647385
2021-06-14,Turkey,849834.91,28.508162320688406
2021-06-15,Turkey,867822.94,26.91753258048716
2021-06-16,Turkey,873215.91,29.44510960905205
2021-06-17,Turkey,881591.9,26.48214802612388
2021-06-18,Turkey,890109.43,26.85706514210154
2021-06-19,Turkey,858138.68,26.82058186494345
2021-06-20,Turkey,777771.98,28.39310415372046
2021-06-21,Turkey,889303.64,27.470600661462374
2021-06-22,Turkey,917345.5,26.216086893426123
2021-06-23,Turkey,924242.45,28.148045364784263
2021-06-24,Turkey,947587.67,29.421016372903146
2021-06-25,Turkey,965016.02,30.327295921166563
2021-06-26,Turkey,935132.85,31.857567195092855
2021-06-27,Turkey,853484.3,29.05537460723918
2021-06-28,Turkey,991144.16,34.4951265819993
2021-06-29,Turkey,1022298.06,34.54268274459281
2021-06-30,Turkey,1038472.7,33.76109274896742
2021-07-01,Turkey,1051160.03,34.154052210378936
2021-07-02,Turkey,1055297.59,34.20484811436947
2021-07-03,Turkey,989914.46,32.391281208075014
2021-07-04,Turkey,866580.54,29.208755192118158
2021-07-05,Turkey,985844.47,31.803548024725842
2021-07-06,Turkey,1001037.8,30.857199371265903
2021-07-07,Turkey,1020606.12,32.630137289116504
2021-07-08,Turkey,1035407.94,34.01970385518189
2021-07-09,Turkey,1036844.66,36.07683805527753
2021-07-10,Turkey,1001197.88,33.667650911500004
2021-07-11,Turkey,922013.97,32.372373475945025
2021-07-12,Turkey,1035197.0,32.444865324907504
2021-07-13,Turkey,1061740.85,32.27714558390254
2021-07-14,Turkey,1059042.42,32.59831461267046
2021-07-15,Turkey,1020758.29,31.943385778705697
2021-07-16,Turkey,1044916.95,29.388551713386622
2021-07-17,Turkey,1010018.31,26.40624551888788
2021-07-18,Turkey,937809.1,26.087869756410154
2021-07-19,Turkey,872122.53,24.488604857294888
2021-07-20,Turkey,753342.71,27.371617944447905
2021-07-21,Turkey,778071.59,31.430263487865563
2021-07-22,Turkey,799416.27,42.213392399254715
2021-07-23,Turkey,813957.45,42.146801578403135
2021-07-24,Turkey,855028.59,38.85694194284605
2021-07-25,Turkey,866182.83,38.47591120543729
2021-07-26,Turkey,1012231.42,34.698564022495674
2021-07-27,Turkey,1060031.98,31.94073009369434
2021-07-28,Turkey,1070013.2,32.41733398363786
2021-07-29,Turkey,1080177.49,33.15200557038887
2021-07-30,Turkey,1089942.03,32.9280852236665
2021-07-31,Turkey,1056973.88,30.502166942687463
2021-08-01,Turkey,971623.49,27.7475292379499
2021-08-02,Turkey,1083413.39,31.163222762933884
2021-08-03,Turkey,1136370.36,32.57493511332605
2021-08-04,Turkey,1148472.95,33.32620397144072
2021-08-05,Turkey,1145546.02,34.00099438366947
2021-08-06,Turkey,1126578.49,34.62412877634014
2021-08-07,Turkey,1040737.45,29.09111576921606
2021-08-08,Turkey,917180.66,29.664238388400427
2021-08-09,Turkey,1037716.3,29.9787500154115
2021-08-10,Turkey,1061175.96,27.96321300006782
2021-08-11,Turkey,1074994.1,28.001715885043303
2021-08-12,Turkey,1071417.53,29.06024968647134
2021-08-13,Turkey,1053152.42,31.30854571100663
2021-08-14,Turkey,993933.46,34.9191359962548
2021-08-15,Turkey,901796.94,34.90938222688043
2021-08-16,Turkey,1022942.2,28.54779426299135
2021-08-17,Turkey,1049996.47,26.28099220893205
2021-08-18,Turkey,1057614.33,26.15859527461032
2021-08-19,Turkey,1061464.4,28.159949054114904
2021-08-20,Turkey,1044432.71,28.8624578453781
2021-08-21,Turkey,1001992.87,27.938216163660616
2021-08-22,Turkey,909475.2,32.88770814266801
2021-08-23,Turkey,1033218.8,30.76821893685633
2021-08-24,Turkey,1056423.79,27.78568975330964
2021-08-25,Turkey,1062835.43,24.602345955817643
2021-08-26,Turkey,1063512.59,23.879494030328637
2021-08-27,Turkey,1062315.23,23.884069736512043
2021-08-28,Turkey,1019356.5,20.992463257476114
2021-08-29,Turkey,919878.13,19.947341273280493
2021-08-30,Turkey,962539.8200000001,21.988681519510187
2021-08-31,Turkey,1035472.76,24.72953867605936
2021-09-01,Turkey,1039135.85,23.67267953021522
2021-09-02,Turkey,1014553.63,27.748736723964427
2021-09-03,Turkey,986486.25,31.236611683884686
2021-09-04,Turkey,936819.47,28.259602918543436
2021-09-05,Turkey,848544.84,33.707666142226635
2021-09-06,Turkey,957731.6,34.88218865317379
2021-09-07,Turkey,971937.46,31.42749780172923
2021-09-08,Turkey,975195.0700000001,28.241573761454514
2021-09-09,Turkey,976768.2000000001,24.76452194777246
2021-09-10,Turkey,957546.49,23.284448742280915
2021-09-11,Turkey,912772.15,22.02291779572057
2021-09-12,Turkey,822572.11,23.651251443827448
2021-09-13,Turkey,926615.1,24.959666802232373
2021-09-14,Turkey,939299.53,26.47281994153039
2021-09-15,Turkey,931378.36,25.4621804174309
2021-09-16,Turkey,923716.59,23.35588131854599
2021-09-17,Turkey,904237.38,22.978775742945786
2021-09-18,Turkey,873884.11,25.178499567134637
2021-09-19,Turkey,796592.99,21.431429069252346
2021-09-20,Turkey,909691.3200000001,21.834485756544623
2021-09-21,Turkey,923882.5,22.48516536708766
2021-09-22,Turkey,912823.08,26.067634538435236
2021-09-23,Turkey,894467.75,31.17366153633333
2021-09-24,Turkey,878912.71,26.61861035401027
2021-09-25,Turkey,840554.71,26.08128261211865
2021-09-26,Turkey,752146.01,29.54123495960611
2021-09-27,Turkey,860437.46,30.72038943977543
2021-09-28,Turkey,886242.68,33.26365557273089
2021-09-29,Turkey,886500.28,34.22510111322371
2021-09-30,Turkey,886316.64,35.692007187603956
2021-10-01,Turkey,878563.69,35.471405829472445
2021-10-02,Turkey,842373.99,35.51454146920272
2021-10-03,Turkey,754893.72,39.10467454258871
2021-10-04,Turkey,853555.89,34.31286294832383
2021-10-05,Turkey,876424.13,35.16774907554666
2021-10-06,Turkey,874074.12,31.846464857108174
2021-10-07,Turkey,867042.01,30.13083921649588
2021-10-08,Turkey,865115.34,28.47087742425971
2021-10-09,Turkey,831315.91,26.721714753304727
2021-10-10,Turkey,749774.45,27.975748822321716
2021-10-11,Turkey,850140.56,25.571837244260724
2021-10-12,Turkey,871835.0,25.960477033366818
2021-10-13,Turkey,871085.34,25.150417537404067
2021-10-14,Turkey,868228.35,23.706033495852807
2021-10-15,Turkey,869624.65,27.15688364511633
2021-10-16,Turkey,831600.14,28.624387164193028
2021-10-17,Turkey,751188.58,23.853387142322493
2021-10-18,Turkey,852138.66,24.88381837919274
2021-10-19,Turkey,877995.36,30.224259746454575
2021-10-20,Turkey,879590.3,28.774373033899586
2021-10-21,Turkey,876536.6799999999,23.91515065172044
2021-10-22,Turkey,868612.73,24.171294729123726
2021-10-23,Turkey,835691.69,22.44645263270898
2021-10-24,Turkey,757563.05,33.715253373712336
2021-10-25,Turkey,866112.06,41.08451096228203
2021-10-26,Turkey,888045.89,32.65597845012625
2021-10-27,Turkey,882292.17,28.88043661570209
2021-10-28,Turkey,862317.55,32.53536704828871
2021-10-29,Turkey,810137.14,36.545734272269414
2021-10-30,Turkey,801520.16,32.875127456126165
2021-10-31,Turkey,743916.36,28.84200068052163
2021-11-01,Turkey,868995.76,27.749794179488486
2021-11-02,Turkey,889599.92,28.669163575118965
2021-11-03,Turkey,884871.4400000001,25.904806083409802
2021-11-04,Turkey,881491.6900000001,25.84255535397746
2021-11-05,Turkey,867873.9,22.422068147518445
2021-11-06,Turkey,840784.49,26.275630377479736
2021-11-07,Turkey,754012.46,33.507238804487976
2021-11-08,Turkey,855649.48,23.24007996514799
2021-11-09,Turkey,882597.29,22.831020882712618
2021-11-10,Turkey,905049.18,40.88229527075683
2021-11-11,Turkey,913039.73,36.97861352334508
2021-11-12,Turkey,906527.7,25.381833023565203
2021-11-13,Turkey,870999.43,22.450650086243147
2021-11-14,Turkey,780990.22,19.0532123518267
2021-11-15,Turkey,892829.08,24.60962266362333
2021-11-16,Turkey,919473.77,29.997121797380277
2021-11-17,Turkey,924564.22,23.750122050015495
2021-11-18,Turkey,929480.26,20.752066593971428
2021-11-19,Turkey,932125.03,24.444220797164746
2021-11-20,Turkey,898243.99,28.21323772406739
2021-11-21,Turkey,801657.66,23.484570495355992
2021-11-22,Turkey,901290.15,27.68767305196625
2021-11-23,Turkey,927833.64,26.79230937526761
2021-11-24,Turkey,942909.38,29.78043560403847
2021-11-25,Turkey,950607.35,23.77728316813735
2021-11-26,Turkey,934089.64,27.23943478649519
2021-11-27,Turkey,885228.54,36.57762244865377
2021-11-28,Turkey,791984.56,40.99458372368776
2021-11-29,Turkey,887317.39,39.67450719680445
2021-11-30,Turkey,913758.36,34.90046225504594
2021-12-01,Turkey,928338.22,24.956194710469656
2021-12-02,Turkey,932473.9299999999,30.317142051889316
2021-12-03,Turkey,927019.48,34.69658048793389
2021-12-04,Turkey,901085.38,32.981185838375396
2021-12-05,Turkey,804611.42,25.217111663052705
2021-12-06,Turkey,915689.1900000001,35.05240382432228
2021-12-07,Turkey,937616.91,32.5689437577155
2021-12-08,Turkey,945266.54,24.44468566957304
2021-12-09,Turkey,945773.97,27.600877718399907
2021-12-10,Turkey,941121.26,38.018191274545174
2021-12-11,Turkey,900975.39,36.826732367068196
2021-12-12,Turkey,804951.44,38.72910426329588
2021-12-13,Turkey,927455.4199999999,26.09236741740566
2021-12-14,Turkey,955364.72,26.24128266198682
2021-12-15,Turkey,969031.23,32.25622592230975
2021-12-16,Turkey,980585.17,27.470892179046945
2021-12-17,Turkey,981293.9299999999,24.900983847874393
2021-12-18,Turkey,946923.88,28.006629828370478
2021-12-19,Turkey,849653.11,32.85793845482907
2021-12-20,Turkey,977543.94,28.26417600241417
2021-12-21,Turkey,1000139.6,27.0814472067546
2021-12-22,Turkey,988013.5,30.50286117832883
2021-12-23,Turkey,1001774.51,31.183964355255693
2021-12-24,Turkey,992997.4500000001,30.200699833658227
2021-12-25,Turkey,951183.54,34.205114078181644
2021-12-26,Turkey,841458.0,37.026488302573654
2021-12-27,Turkey,944412.34,33.69228373398255
2021-12-28,Turkey,951971.19,33.285263783139435
2021-12-29,Turkey,951096.45,30.035515232578852
2021-12-30,Turkey,942425.71,30.72825773868857
2021-12-31,Turkey,884193.64,30.767453869387662
2022-01-01,Turkey,754257.04,25.15153814557662
2022-01-02,Turkey,773718.33,32.33659047620352
2022-01-03,Turkey,915960.8099999999,30.21323070590163
2022-01-04,Turkey,942346.54,29.102701939502733
2022-01-05,Turkey,946093.63,36.3455631719601
2022-01-06,Turkey,938356.1799999999,38.313752572328674
2022-01-07,Turkey,935252.97,29.23609789379864
2022-01-08,Turkey,891301.6,26.700014738760146
2022-01-09,Turkey,804532.4,27.000899843861387
2022-01-10,Turkey,931207.47,29.361340899970976
2022-01-11,Turkey,957963.71,35.57294730907113
2022-01-12,Turkey,977591.83,36.486600733557395
2022-01-13,Turkey,991463.0599999999,34.880745175821495
2022-01-14,Turkey,982655.46,28.760629395022942
2022-01-15,Turkey,929808.0,30.379087408868966
2022-01-16,Turkey,840116.2,32.37864671845551
2022-01-17,Turkey,968456.4,28.08836109342335
2022-01-18,Turkey,1002705.22,29.206410101740214
2022-01-19,Turkey,980409.3300000001,30.118937796077315
2022-01-20,Turkey,992681.83,29.167265472901143
2022-01-21,Turkey,986370.16,39.9845852274728
2022-01-22,Turkey,934186.0,41.99919431866381
2022-01-23,Turkey,847161.55,37.27659867161084
2022-01-24,Turkey,882516.75,37.2800702985679
2022-01-25,Turkey,875093.23,41.31288503486283
2022-01-26,Turkey,855213.65,38.8661740731795
2022-01-27,Turkey,889318.23,37.03680507806808
2022-01-28,Turkey,905343.22,38.2156981386448
2022-01-29,Turkey,907235.19,40.27364493839639
2022-01-30,Turkey,834868.96,38.09170834845165
2022-01-31,Turkey,948960.78,40.20095521695772
2022-02-01,Turkey,968617.19,39.9753081340331
2022-02-02,Turkey,959030.93,39.72235789560495
2022-02-03,Turkey,954994.68,40.306514591153636
2022-02-04,Turkey,953327.93,40.427056692849646
2022-02-05,Turkey,899669.49,35.1085530066068
2022-02-06,Turkey,803071.06,30.911863891331603
2022-02-07,Turkey,920980.15,41.85970784862303
2022-02-08,Turkey,953347.7000000001,44.441248985128276
2022-02-09,Turkey,954870.39,42.59365246989275
2022-02-10,Turkey,947817.74,38.41273987079837
2022-02-11,Turkey,928343.97,35.479158453413596
2022-02-12,Turkey,878667.7,33.06955978827032
2022-02-13,Turkey,802956.02,39.564613574187796
2022-02-14,Turkey,922167.93,34.11289086803459
2022-02-15,Turkey,941836.21,32.96565910981975
2022-02-16,Turkey,934024.14,33.970266271161
2022-02-17,Turkey,929864.16,33.717018039856825
2022-02-18,Turkey,933307.45,33.86332579851475
2022-02-19,Turkey,886635.01,31.620507833260508
2022-02-20,Turkey,785803.38,35.02277883530187
2022-02-21,Turkey,887318.66,32.74775717030357
2022-02-22,Turkey,910747.24,38.276060538952535
2022-02-23,Turkey,916651.66,36.491623948588234
2022-02-24,Turkey,938197.81,43.48971752854687
2022-02-25,Turkey,935318.65,39.60449964885365
2022-02-26,Turkey,884480.4400000001,34.007573238866975
2022-02-27,Turkey,794109.46,41.886586722047475
2022-02-28,Turkey,915307.26,35.923948251184946
2022-03-01,Turkey,950748.6,37.37192773319245
2022-03-02,Turkey,954638.52,41.524804222201176
2022-03-03,Turkey,940869.24,41.6482193035567
2022-03-04,Turkey,932451.42,39.17836242174898
2022-03-05,Turkey,884619.39,41.88475037391292
2022-03-06,Turkey,791018.09,45.27836907045641
2022-03-07,Turkey,908140.24,41.407925983496426
2022-03-08,Turkey,929657.95,42.78156067891156
2022-03-09,Turkey,933944.57,47.371081154462054
2022-03-10,Turkey,937565.7,50.45459540523064
2022-03-11,Turkey,929661.04,51.6087231262418
2022-03-12,Turkey,890704.97,46.53468447244786
2022-03-13,Turkey,810943.04,47.05665719392173
2022-03-14,Turkey,941496.13,46.18131613136855
2022-03-15,Turkey,958373.0,49.69491145617521
2022-03-16,Turkey,963354.5,46.39092079595057
2022-03-17,Turkey,959960.0700000001,49.651725090728924
2022-03-18,Turkey,968236.11,52.546912379649946
2022-03-19,Turkey,926297.1,49.73840525144282
2022-03-20,Turkey,826565.77,52.00350726541235
2022-03-21,Turkey,945591.1799999999,50.704272331273316
2022-03-22,Turkey,964280.7,50.18743865478215
2022-03-23,Turkey,959523.9,49.523355717846016
2022-03-24,Turkey,949285.72,48.37862691541219
2022-03-25,Turkey,931832.55,47.07973435534557
2022-03-26,Turkey,882223.02,51.64810273271534
2022-03-27,Turkey,774879.62,48.98599773352995
2022-03-28,Turkey,877809.72,49.19712122551892
2022-03-29,Turkey,889298.01,49.74279584300364
2022-03-30,Turkey,875911.48,50.80121469960157
2022-03-31,Turkey,867451.62,53.37460301453491
2022-04-01,Turkey,842351.6,53.50404248873699
2022-04-02,Turkey,802736.67,60.77212064299354
2022-04-03,Turkey,720491.46,60.74825073856821
2022-04-04,Turkey,833915.33,43.651609842093606
2022-04-05,Turkey,868072.51,44.92998797171428
2022-04-06,Turkey,870367.32,45.321671888984724
2022-04-07,Turkey,873022.19,52.45093309235778
2022-04-08,Turkey,869457.48,52.770811702161325
2022-04-09,Turkey,833861.01,61.59992676253142
2022-04-10,Turkey,747558.18,68.79972839225277
2022-04-11,Turkey,868957.24,59.469600045276216
2022-04-12,Turkey,896852.15,51.619925086328585
2022-04-13,Turkey,908783.8200000001,48.72144548611789
2022-04-14,Turkey,913018.6699999999,49.6974613628712
2022-04-15,Turkey,895132.67,48.09476586913398
2022-04-16,Turkey,857870.79,45.897244052002456
2022-04-17,Turkey,786948.51,53.790175758039005
2022-04-18,Turkey,882865.15,57.21640629500547
2022-04-19,Turkey,910171.32,46.51829681219451
2022-04-20,Turkey,903558.75,45.862657173286564
2022-04-21,Turkey,912299.0,45.64134286671015
2022-04-22,Turkey,894634.96,46.103348686417405
2022-04-23,Turkey,820603.37,55.39293015924983
2022-04-24,Turkey,775081.08,54.659239430408405
2022-04-25,Turkey,873855.5800000001,48.41896271734658
2022-04-26,Turkey,893699.14,47.45617401759299
2022-04-27,Turkey,893956.1,51.22763363169992
2022-04-28,Turkey,896187.46,56.1350818555745
2022-04-29,Turkey,877532.49,62.84704474874198
2022-04-30,Turkey,805403.1,69.95244175638545
2022-05-01,Turkey,646619.46,75.99157876496737
2022-05-02,Turkey,568649.73,75.08232552762662
2022-05-03,Turkey,580258.41,70.69590271946267
2022-05-04,Turkey,608882.64,72.52723578152847
2022-05-05,Turkey,744058.31,64.40350063746492
2022-05-06,Turkey,791133.24,65.08963291062781
2022-05-07,Turkey,778736.6,66.88950587151004
2022-05-08,Turkey,716871.36,64.30567569901625
2022-05-09,Turkey,833631.41,57.080333214533496
2022-05-10,Turkey,860301.74,55.40500825432423
2022-05-11,Turkey,864645.46,50.426233483404545
2022-05-12,Turkey,869672.91,48.141257032750424
2022-05-13,Turkey,874548.2,42.56116035670747
2022-05-14,Turkey,849878.48,44.80132253646457
2022-05-15,Turkey,747371.54,48.73864020093733
2022-05-16,Turkey,833273.88,45.11182474285066
2022-05-17,Turkey,867303.0599999999,43.695451322834884
2022-05-18,Turkey,875953.48,49.80362185202139
2022-05-19,Turkey,819336.64,65.82535299841287
2022-05-20,Turkey,853578.66,59.58482079691174
2022-05-21,Turkey,820971.99,49.65710629755647
2022-05-22,Turkey,754009.53,53.1647236022786
2022-05-23,Turkey,857417.4,47.61333121223556
2022-05-24,Turkey,895003.05,43.83843748740257
2022-05-25,Turkey,903494.54,41.693311747811734
2022-05-26,Turkey,916624.53,40.43393528005883
2022-05-27,Turkey,918399.08,41.84110118865206
2022-05-28,Turkey,888082.01,40.417145122796754
2022-05-29,Turkey,799414.84,48.30966648423708
2022-05-30,Turkey,914135.13,46.02278795061395
2022-05-31,Turkey,936257.01,41.98266152315053
2022-06-01,Turkey,934806.0,47.07963832950079
2022-06-02,Turkey,936323.83,49.70218100742937
2022-06-03,Turkey,927167.26,52.06980649239822
2022-06-04,Turkey,892840.63,54.838250614874404
2022-06-05,Turkey,795060.66,50.55431768261593
2022-06-06,Turkey,902319.58,46.098553779866286
2022-06-07,Turkey,914539.64,46.87789549861621
2022-06-08,Turkey,910030.59,39.77117505520414
2022-06-09,Turkey,911607.84,36.39288523684067
2022-06-10,Turkey,918195.85,39.65505452861834
2022-06-11,Turkey,868880.52,40.75186151342248
2022-06-12,Turkey,765232.2,49.522460170154694
2022-06-13,Turkey,876728.54,49.836869532487995
2022-06-14,Turkey,907074.61,46.74583021827621
2022-06-15,Turkey,909846.69,49.06620913160574
2022-06-16,Turkey,920778.29,50.77173851925697
2022-06-17,Turkey,919946.06,43.66229376363434
2022-06-18,Turkey,889901.35,46.98062663403573
2022-06-19,Turkey,802499.43,55.17291536326508
2022-06-20,Turkey,916121.22,40.38258190121806
2022-06-21,Turkey,930444.32,35.46217809301164
2022-06-22,Turkey,950698.76,38.09182791475564
2022-06-23,Turkey,960607.5,37.529735430385294
2022-06-24,Turkey,945928.6,39.387017357925096
2022-06-25,Turkey,892988.98,39.37553132247788
2022-06-26,Turkey,804493.35,47.029503323628326
2022-06-27,Turkey,917123.15,45.56311953907926
2022-06-28,Turkey,943108.9299999999,43.234989116325885
2022-06-29,Turkey,956677.86,43.645548616503056
2022-06-30,Turkey,966522.57,42.31707492480746
2022-07-01,Turkey,966548.05,46.231545604720516
2022-07-02,Turkey,933056.54,48.35001565659313
2022-07-03,Turkey,833239.86,56.86856591652772
2022-07-04,Turkey,949835.59,44.82354358449793
2022-07-05,Turkey,980372.92,42.192630202668404
2022-07-06,Turkey,987090.01,38.117024046561006
2022-07-07,Turkey,974408.0,38.40073458604854
2022-07-08,Turkey,808187.01,45.6771843942752
2022-07-09,Turkey,672260.47,56.721481834366394
2022-07-10,Turkey,671849.53,60.12413702119943
2022-07-11,Turkey,702961.13,53.89491717724805
2022-07-12,Turkey,733594.77,53.97442156720565
2022-07-13,Turkey,831406.23,47.193230714959086
2022-07-14,Turkey,867643.96,50.540356507257755
2022-07-15,Turkey,859727.13,52.58245624468525
2022-07-16,Turkey,871755.01,47.46961582625452
2022-07-17,Turkey,844565.75,51.898434360791114
2022-07-18,Turkey,980006.72,47.3836166483694
2022-07-19,Turkey,1007113.06,43.283825400284435
2022-07-20,Turkey,1018677.22,41.16873055320285
2022-07-21,Turkey,1024433.5,35.373443435395316
2022-07-22,Turkey,1019804.57,34.610058226687165
2022-07-23,Turkey,982736.16,35.8430641816495
2022-07-24,Turkey,885415.66,39.852264366612694
2022-07-25,Turkey,1008325.5,34.54882629133406
2022-07-26,Turkey,1058552.22,32.17811987596277
2022-07-27,Turkey,1060393.81,30.069150856581327
2022-07-28,Turkey,1067565.1,31.973403350993344
2022-07-29,Turkey,1067371.5,35.06554222774951
2022-07-30,Turkey,1019536.14,35.21885432427296
2022-07-31,Turkey,923450.09,35.6948182449544
2022-08-01,Turkey,1041748.26,31.962601385431533
2022-08-02,Turkey,1067811.65,33.54205064321752
2022-08-03,Turkey,1074434.68,40.00259861028249
2022-08-04,Turkey,1078863.55,38.30852571023438
2022-08-05,Turkey,1071442.87,37.76065925062115
2022-08-06,Turkey,1023040.0399999999,37.921275003180696
2022-08-07,Turkey,911542.4299999999,43.21407226743075
2022-08-08,Turkey,1033787.21,41.333983354935214
2022-08-09,Turkey,1060667.97,37.13750993083595
2022-08-10,Turkey,1058840.32,38.499623206056945
2022-08-11,Turkey,1047620.74,39.472738222840405
2022-08-12,Turkey,1045663.24,36.275511854238786
2022-08-13,Turkey,999476.26,32.04106985572373
2022-08-14,Turkey,899744.52,30.45944796780829
2022-08-15,Turkey,998146.97,29.3877709573574
2022-08-16,Turkey,1031947.69,28.871024829615898
2022-08-17,Turkey,1050665.6400000001,29.346556685572935
2022-08-18,Turkey,1063649.93,32.49133685409934
2022-08-19,Turkey,1057237.88,32.00937945128261
2022-08-20,Turkey,1007027.26,32.930967886718946
2022-08-21,Turkey,910234.66,29.573416411042725
2022-08-22,Turkey,1037235.78,28.783306808438457
2022-08-23,Turkey,1058616.79,27.31217694895128
2022-08-24,Turkey,1048527.48,28.53690652826725
2022-08-25,Turkey,1016128.32,26.927558868763217
2022-08-26,Turkey,1008666.46,27.77553903999949
2022-08-27,Turkey,959599.35,27.894708287044107
2022-08-28,Turkey,869383.53,28.186407009863114
2022-08-29,Turkey,974172.12,29.977939210925413
2022-08-30,Turkey,953657.05,30.896724626597283
2022-08-31,Turkey,1015840.97,27.903412333349436
2022-09-01,Turkey,1025532.34,28.367153148914763
2022-09-02,Turkey,1027086.96,29.086511501400057
2022-09-03,Turkey,970260.23,26.8295329228805
2022-09-04,Turkey,862287.51,40.151017987483186
2022-09-05,Turkey,961789.31,44.28867450987229
2022-09-06,Turkey,964600.45,42.549054203123994
2022-09-07,Turkey,955686.48,40.78248100688419
2022-09-08,Turkey,950576.12,32.72488083669663
2022-09-09,Turkey,946952.12,26.82006184002823
2022-09-10,Turkey,910857.39,26.225369406329147
2022-09-11,Turkey,827874.06,30.43165089113425
2022-09-12,Turkey,925955.3,32.22967694504529
2022-09-13,Turkey,934384.46,30.487206416856537
2022-09-14,Turkey,923870.9,26.36323492180315
2022-09-15,Turkey,924240.63,24.14986991950632
2022-09-16,Turkey,932602.64,27.085675508176237
2022-09-17,Turkey,898807.53,28.15584364102416
2022-09-18,Turkey,809885.56,33.84849338674188
2022-09-19,Turkey,901406.47,28.90399416321286
2022-09-20,Turkey,915750.72,25.77466954534733
2022-09-21,Turkey,905875.6,29.74389857741383
2022-09-22,Turkey,882842.21,32.324339883257274
2022-09-23,Turkey,869926.67,29.52500885754778
2022-09-24,Turkey,829436.1,28.889199798614413
2022-09-25,Turkey,736225.02,29.387539903388145
2022-09-26,Turkey,843656.86,27.09133364002933
2022-09-27,Turkey,874132.86,38.45913357277707
2022-09-28,Turkey,884316.01,35.758969698647334
2022-09-29,Turkey,894223.24,32.4135988663252
2022-09-30,Turkey,895846.63,25.582460997278595
2022-10-01,Turkey,851538.53,23.97979837136678
2022-10-02,Turkey,764365.86,37.15198589699536
2022-10-03,Turkey,852658.23,31.98718625317209
2022-10-04,Turkey,872235.47,31.1365280649458
2022-10-05,Turkey,863869.61,36.98371247720376
2022-10-06,Turkey,866767.39,41.32443439347508
2022-10-07,Turkey,854442.32,41.460000251377075
2022-10-08,Turkey,811885.54,35.94693354937228
2022-10-09,Turkey,711918.71,31.25455242258097
2022-10-10,Turkey,823268.86,30.498813400202586
2022-10-11,Turkey,846212.67,26.752704084228885
2022-10-12,Turkey,848020.65,28.97479721260111
2022-10-13,Turkey,844302.97,31.852919840143574
2022-10-14,Turkey,835170.03,30.49969891101992
2022-10-15,Turkey,799604.51,34.06027145630514
2022-10-16,Turkey,711835.97,46.78074825714355
2022-10-17,Turkey,813516.25,44.339515174988136
2022-10-18,Turkey,838818.13,41.17703326253822
2022-10-19,Turkey,834358.85,26.108604778836796
2022-10-20,Turkey,837491.36,32.82845623631019
2022-10-21,Turkey,826990.28,40.63255389477297
2022-10-22,Turkey,792007.99,33.640519357584914
2022-10-23,Turkey,705914.86,34.12983553784868
2022-10-24,Turkey,807354.75,28.94544834275322
2022-10-25,Turkey,829470.9,23.23690342419823
2022-10-26,Turkey,830819.51,24.7674816228798
2022-10-27,Turkey,834624.11,31.745082605898702
2022-10-28,Turkey,793602.67,40.6852915125389
2022-10-29,Turkey,719767.3,46.589987423173156
2022-10-30,Turkey,682213.66,37.951601255699174
2022-10-31,Turkey,805744.03,28.364537645706534
2022-11-01,Turkey,827282.69,33.15447514931847
2022-11-02,Turkey,832255.52,28.918101143600882
2022-11-03,Turkey,835622.93,27.376778038207895
2022-11-04,Turkey,831597.19,23.57639447452516
2022-11-05,Turkey,789916.66,29.811836289493026
2022-11-06,Turkey,705707.78,34.31404786706223
2022-11-07,Turkey,820548.76,33.911014781378505
2022-11-08,Turkey,844739.54,31.67847051335585
2022-11-09,Turkey,842015.19,29.008642598242755
2022-11-10,Turkey,844235.82,24.51380022749187
2022-11-11,Turkey,844304.94,24.891916508123206
2022-11-12,Turkey,801711.01,32.7334827854138
2022-11-13,Turkey,713056.41,36.13038311235604
2022-11-14,Turkey,827806.74,31.712313567886056
2022-11-15,Turkey,852241.73,25.34779503012432
2022-11-16,Turkey,861242.68,24.941561664418558
2022-11-17,Turkey,862315.51,40.042785839311826
2022-11-18,Turkey,857245.03,41.3267563726136
2022-11-19,Turkey,800309.0,45.14943585079968
2022-11-20,Turkey,715094.2,50.533845696395844
2022-11-21,Turkey,821066.55,43.72706011232776
2022-11-22,Turkey,841567.33,30.123595486204856
2022-11-23,Turkey,847851.22,40.596962683382834
2022-11-24,Turkey,861774.96,28.911959958110987
2022-11-25,Turkey,867726.01,28.43082223353336
2022-11-26,Turkey,828031.65,31.464368105546576
2022-11-27,Turkey,747235.88,39.12232259450591
2022-11-28,Turkey,861392.75,32.36211363538348
2022-11-29,Turkey,880973.25,29.009028668098384
2022-11-30,Turkey,876542.67,27.19185506356812
2022-12-01,Turkey,872883.22,28.598090800962638
2022-12-02,Turkey,864693.17,26.259407737154994
2022-12-03,Turkey,824878.51,28.03155617953708
2022-12-04,Turkey,739171.72,33.99682093130788
2022-12-05,Turkey,857238.82,26.77314942963943
2022-12-06,Turkey,881445.93,24.050467437498735
2022-12-07,Turkey,886895.39,22.467962950044054
2022-12-08,Turkey,889603.88,25.955180759564172
2022-12-09,Turkey,876193.78,31.815557376312213
2022-12-10,Turkey,839013.67,40.432443932679995
2022-12-11,Turkey,753778.16,51.3048779460712
2022-12-12,Turkey,856754.31,36.41981268124984
2022-12-13,Turkey,894862.73,34.40644391124719
2022-12-14,Turkey,899273.55,26.82030595454178
2022-12-15,Turkey,891482.45,33.6899248592258
2022-12-16,Turkey,872967.63,30.400783334316166
2022-12-17,Turkey,829593.92,34.62250556665685
2022-12-18,Turkey,751326.03,32.797570783407835
2022-12-19,Turkey,880072.22,42.418292585773244
2022-12-20,Turkey,913379.53,40.08223864648268
2022-12-21,Turkey,919394.76,28.473941479026383
2022-12-22,Turkey,915995.7,22.380905112920882
2022-12-23,Turkey,914520.85,20.899680932053986
2022-12-24,Turkey,862974.58,20.479774282658898
2022-12-25,Turkey,779592.12,27.205312624080154
2022-12-26,Turkey,886785.21,25.871911600965987
2022-12-27,Turkey,895279.02,24.08967045446959
2022-12-28,Turkey,890231.23,23.31695151963337
2022-12-29,Turkey,880610.77,22.043158975269204
2022-12-30,Turkey,856190.95,23.995837028305438
2022-12-31,Turkey,775718.37,23.264367396494805
2023-01-01,Turkey,689830.56,29.820613431656557
2023-01-02,Turkey,858528.49,22.177014176819736
2023-01-03,Turkey,899917.03,20.485256873082676
2023-01-04,Turkey,913540.99,23.33336062561129
2023-01-05,Turkey,909039.11,22.010398693904406
2023-01-06,Turkey,907711.48,20.94888332902172
2023-01-07,Turkey,860697.35,22.710119712057153
2023-01-08,Turkey,778122.78,25.834380843922826
2023-01-09,Turkey,906178.76,25.50671709466803
2023-01-10,Turkey,932926.49,38.533219850747784
2023-01-11,Turkey,931871.39,29.92340581370453
2023-01-12,Turkey,930574.16,23.97972806922989
2023-01-13,Turkey,933732.04,27.44071035781935
2023-01-14,Turkey,881994.2,25.457348715503535
2023-01-15,Turkey,785484.63,25.380264334773777
2023-01-16,Turkey,909814.73,25.16239206230021
2023-01-17,Turkey,926361.97,40.446449776342355
2023-01-18,Turkey,910546.48,42.11798191175267
2023-01-19,Turkey,901425.34,39.46909736128245
2023-01-20,Turkey,893581.57,40.66506905533984
2023-01-21,Turkey,841156.36,36.74120940580606
2023-01-22,Turkey,752234.11,26.448888891046362
2023-01-23,Turkey,878149.25,23.07464112317549
2023-01-24,Turkey,910844.48,25.95770871405601
2023-01-25,Turkey,924187.05,28.071330849759462
2023-01-26,Turkey,918170.83,26.842777642290994
2023-01-27,Turkey,914700.1599999999,31.217967319799257
2023-01-28,Turkey,870532.34,27.348351671716877
2023-01-29,Turkey,781095.27,25.324712118547062
2023-01-30,Turkey,918210.85,23.027253304724685
2023-01-31,Turkey,946310.37,21.47395590362135
2023-02-01,Turkey,953544.38,24.412339339165595
2023-02-02,Turkey,943147.3200000001,24.318487341323202
2023-02-03,Turkey,942891.04,22.0785250415778
2023-02-04,Turkey,902491.01,25.426289297179878
2023-02-05,Turkey,815416.1599999999,33.67308482151112
2023-02-06,Turkey,837178.8200000001,38.34811628870599
2023-02-07,Turkey,857683.77,36.152507071745
2023-02-08,Turkey,880467.98,37.09792262369337
2023-02-09,Turkey,888272.66,30.090673813541525
2023-02-10,Turkey,882317.72,29.389696975931397
2023-02-11,Turkey,833483.26,27.320992033886103
2023-02-12,Turkey,747680.55,25.39880129540284
2023-02-13,Turkey,879135.41,32.05413543246555
2023-02-14,Turkey,905001.6,22.558340639830817
2023-02-15,Turkey,917516.43,31.733638385177482
2023-02-16,Turkey,913821.86,23.41223335391162
2023-02-17,Turkey,898039.01,24.688441397876996
2023-02-18,Turkey,839198.73,30.550621857047933
2023-02-19,Turkey,744597.91,40.64278629746852
2023-02-20,Turkey,862514.92,27.848161476167665
2023-02-21,Turkey,868350.64,27.510297607747606
2023-02-22,Turkey,868765.6900000001,22.624535697884443
2023-02-23,Turkey,871601.6,20.931509241467495
2023-02-24,Turkey,867715.72,22.893966532936684
2023-02-25,Turkey,824941.82,38.17940279571724
2023-02-26,Turkey,734626.69,53.07285791635441
2023-02-27,Turkey,838321.96,40.3447188844339
2023-02-28,Turkey,862631.48,27.369688199375403
2023-03-01,Turkey,864038.11,30.027112542331064
2023-03-02,Turkey,870862.21,29.131602942459455
2023-03-03,Turkey,863633.87,25.942397039328803
2023-03-04,Turkey,830799.09,30.24288937190468
2023-03-05,Turkey,751360.26,38.79001321248195
2023-03-06,Turkey,848644.52,31.605960785508092
2023-03-07,Turkey,875636.47,38.911639512085
2023-03-08,Turkey,874403.85,36.90147763077153
2023-03-09,Turkey,869600.19,39.50055234581426
2023-03-10,Turkey,864594.2,44.67014741950294
2023-03-11,Turkey,824606.65,52.14735656583767
2023-03-12,Turkey,737474.76,48.457405525605864
2023-03-13,Turkey,869277.84,48.222263725613665
2023-03-14,Turkey,879219.52,38.0351909528144
2023-03-15,Turkey,862223.91,37.866680786993406
2023-03-16,Turkey,869467.53,42.019298584562186
2023-03-17,Turkey,885057.97,55.05228918558799
2023-03-18,Turkey,843739.62,56.520614221048284
2023-03-19,Turkey,760843.5700000001,59.70285051448562
2023-03-20,Turkey,855368.26,41.322400251806314
2023-03-21,Turkey,859270.09,35.767496692122194
2023-03-22,Turkey,875890.53,35.408417237525654
2023-03-23,Turkey,869353.0,35.223595354654606
2023-03-24,Turkey,845073.11,33.18949572143758
2023-03-25,Turkey,811936.05,34.100667745937216
2023-03-26,Turkey,727956.75,36.81023802851469
2023-03-27,Turkey,812905.49,45.53771359679694
2023-03-28,Turkey,851450.97,47.98786367515554
2023-03-29,Turkey,883263.92,47.33764089483088
2023-03-30,Turkey,879722.58,39.064642110288275
2023-03-31,Turkey,874062.56,42.40136567078966
2023-04-01,Turkey,819434.38,53.25212786108591
2023-04-02,Turkey,737556.3200000001,54.75854832831802
2023-04-03,Turkey,817403.3300000001,44.27126964370257
2023-04-04,Turkey,839347.12,43.97036189343829
2023-04-05,Turkey,854569.35,39.39828279982699
2023-04-06,Turkey,861298.17,37.27877653175666
2023-04-07,Turkey,865900.48,36.38945898490538
2023-04-08,Turkey,824697.31,41.09058125829556
2023-04-09,Turkey,742369.75,50.774472340407364
2023-04-10,Turkey,859287.08,51.57708676563709
2023-04-11,Turkey,874796.01,47.55078277701813
2023-04-12,Turkey,873863.05,45.69151699576163
2023-04-13,Turkey,863172.5599999999,49.36635007784626
2023-04-14,Turkey,845741.61,62.20750677669936
2023-04-15,Turkey,807407.61,65.45049506764389
2023-04-16,Turkey,726436.63,61.09623874789997
2023-04-17,Turkey,793806.02,52.7511205131634
2023-04-18,Turkey,815223.77,53.817447610290216
2023-04-19,Turkey,791678.8099999999,50.766802607052064
2023-04-20,Turkey,668813.52,56.87683956329626
2023-04-21,Turkey,564983.72,61.83130781714568
2023-04-22,Turkey,568323.58,63.97772289746444
2023-04-23,Turkey,604457.26,67.6391188986582
2023-04-24,Turkey,777063.65,54.017265012700044
2023-04-25,Turkey,825788.2,53.288062925640844
2023-04-26,Turkey,842607.6,55.248216008836096
2023-04-27,Turkey,861875.01,55.36512055019417
2023-04-28,Turkey,856936.31,53.55452292631537
2023-04-29,Turkey,828258.97,54.265099012653906
2023-04-30,Turkey,733209.16,54.48981188560684
2023-05-01,Turkey,749178.52,55.38527529423909
2023-05-02,Turkey,834675.67,50.73872823028378
2023-05-03,Turkey,855699.99,47.71150787629454
2023-05-04,Turkey,862005.3099999999,42.64744112492962
2023-05-05,Turkey,863272.63,50.57273361557496
2023-05-06,Turkey,827768.27,61.89330036523592
2023-05-07,Turkey,749541.89,59.18709499637803
2023-05-08,Turkey,854178.23,44.06576952819979
2023-05-09,Turkey,880127.76,48.71934607203535
2023-05-10,Turkey,891178.8,47.618740592523295
2023-05-11,Turkey,894136.31,48.86868170132654
2023-05-12,Turkey,886804.18,47.061732050063526
2023-05-13,Turkey,844325.65,48.146411883018565
2023-05-14,Turkey,730634.28,50.381594106113006
2023-05-15,Turkey,850655.24,42.02393847538238
2023-05-16,Turkey,886111.49,41.13628616124194
2023-05-17,Turkey,889879.13,41.50995830918715
2023-05-18,Turkey,882216.04,42.4892175102709
2023-05-19,Turkey,819925.55,49.674451226970106
2023-05-20,Turkey,796269.76,52.29371052127683
2023-05-21,Turkey,734558.36,51.08906664964192
2023-05-22,Turkey,845033.25,51.79739811926376
2023-05-23,Turkey,869044.2,45.94745698113273
2023-05-24,Turkey,876279.64,40.63225139628279
2023-05-25,Turkey,868041.62,41.09199212937278
2023-05-26,Turkey,862641.24,43.62150003604519
2023-05-27,Turkey,838677.34,50.1542704675679
2023-05-28,Turkey,720649.46,57.6569001968272
2023-05-29,Turkey,837949.43,48.819609486985
2023-05-30,Turkey,865447.06,42.63457904627102
2023-05-31,Turkey,864940.48,42.33069822251338
2023-06-01,Turkey,857410.72,49.447349337049495
2023-06-02,Turkey,856629.77,44.034710905080686
2023-06-03,Turkey,823719.74,51.11372145461006
2023-06-04,Turkey,734831.33,57.82595220329127
2023-06-05,Turkey,830520.71,57.08095220384241
2023-06-06,Turkey,854669.85,52.58007535281472
2023-06-07,Turkey,870343.3,48.873585531867676
2023-06-08,Turkey,874397.26,46.88346461915905
2023-06-09,Turkey,872973.69,44.395239667229234
2023-06-10,Turkey,836996.11,44.95673427956072
2023-06-11,Turkey,749276.31,48.03777005477818
2023-06-12,Turkey,849722.79,47.50463877774849
2023-06-13,Turkey,841913.0,46.91937559782874
2023-06-14,Turkey,871256.6,46.71734769067618
2023-06-15,Turkey,885423.21,46.744158466243185
2023-06-16,Turkey,885212.38,48.54643731910349
2023-06-17,Turkey,844642.04,49.47988419578183
2023-06-18,Turkey,766853.21,51.76986806041197
2023-06-19,Turkey,870298.9,49.56616297018589
2023-06-20,Turkey,898765.28,46.63928072095649
2023-06-21,Turkey,905256.71,47.85490472359004
2023-06-22,Turkey,912140.1,54.031244742835405
2023-06-23,Turkey,908558.47,50.573262382042586
2023-06-24,Turkey,873674.45,48.38466130411441
2023-06-25,Turkey,808048.99,48.31352543609766
2023-06-26,Turkey,815256.52,47.43826137825648
2023-06-27,Turkey,745536.68,59.31507806463786
2023-06-28,Turkey,643063.24,57.30105354485503
2023-06-29,Turkey,661498.85,57.13613056328024
2023-06-30,Turkey,690751.0,58.84255647280122
2023-07-01,Turkey,709761.76,50.392205723453955
2023-07-02,Turkey,756979.91,46.4643347256613
2023-07-03,Turkey,929778.98,38.47047017132108
2023-07-04,Turkey,989723.37,34.51905114941319
2023-07-05,Turkey,1010237.36,37.62386428138958
2023-07-06,Turkey,1025740.34,36.750879661506715
2023-07-07,Turkey,1026008.73,36.48936566953006
2023-07-08,Turkey,970846.91,41.718260655971854
2023-07-09,Turkey,849426.06,51.49834658849933
2023-07-10,Turkey,964746.36,41.99882090817748
2023-07-11,Turkey,1003573.11,38.32836360609457
2023-07-12,Turkey,1032447.19,34.86190268681203
2023-07-13,Turkey,1064478.13,37.16087901061939
2023-07-14,Turkey,1082501.73,37.67517240199279
2023-07-15,Turkey,1006225.1,46.520048267802586
2023-07-16,Turkey,932043.67,51.09790313809216
2023-07-17,Turkey,1051914.87,44.45442050873739
2023-07-18,Turkey,1075790.45,42.06498669834565
2023-07-19,Turkey,1078870.82,39.71547666358531
2023-07-20,Turkey,1103645.2,34.01306177497679
2023-07-21,Turkey,1108005.76,33.69757301714776
2023-07-22,Turkey,1076131.67,31.99033407495582
2023-07-23,Turkey,992993.41,35.06898130769683
2023-07-24,Turkey,1104433.94,37.481915903606364
2023-07-25,Turkey,1109847.1,33.847410051931696
2023-07-26,Turkey,1130729.52,32.535598778803454
2023-07-27,Turkey,1119680.98,34.362221052122
2023-07-28,Turkey,1084455.2,35.638371099358395
2023-07-29,Turkey,1032659.23,38.760234983992035
2023-07-30,Turkey,931876.23,44.84739043980432
2023-07-31,Turkey,1056017.05,34.79851500571498
2023-08-01,Turkey,1082245.53,32.671627609172184
2023-08-02,Turkey,1089024.28,29.62379234745562
2023-08-03,Turkey,1109186.59,29.87390836561543
2023-08-04,Turkey,1117133.58,32.55121477177013
2023-08-05,Turkey,1077573.98,30.175956703597755
2023-08-06,Turkey,977142.42,35.73511452748001
2023-08-07,Turkey,1091923.54,30.19458324423003
2023-08-08,Turkey,1107650.29,34.21897633152551
2023-08-09,Turkey,1086448.54,37.73692901217689
2023-08-10,Turkey,1080360.65,30.586052056166146
2023-08-11,Turkey,1069066.35,34.22729314303095
2023-08-12,Turkey,1018691.23,41.481038183801694
2023-08-13,Turkey,933453.84,41.340966856831706
2023-08-14,Turkey,1082235.66,35.88510709472657
2023-08-15,Turkey,1115594.71,32.55227278747164
2023-08-16,Turkey,1127924.64,31.973198008989844
2023-08-17,Turkey,1131710.13,33.25228704080876
2023-08-18,Turkey,1125640.96,34.30975238421509
2023-08-19,Turkey,1061928.2,34.27540426779662
2023-08-20,Turkey,959531.92,38.42805073986912
2023-08-21,Turkey,1086153.48,37.03856250668727
2023-08-22,Turkey,1118373.81,36.607751482963856
2023-08-23,Turkey,1122964.98,34.49194148433558
2023-08-24,Turkey,1119283.91,32.191327828291385
2023-08-25,Turkey,1103589.35,32.77082663440172
2023-08-26,Turkey,1043271.76,33.75021481276706
2023-08-27,Turkey,935981.12,35.97152213965409
2023-08-28,Turkey,1037331.49,30.036342088171125
2023-08-29,Turkey,1046053.97,27.23274578269228
2023-08-30,Turkey,996980.9,26.832263824157053
2023-08-31,Turkey,1053607.5,27.62419647115031
2023-09-01,Turkey,1044344.49,27.389212923097585
2023-09-02,Turkey,989030.04,37.627329320758136
2023-09-03,Turkey,877322.17,43.95017348623646
2023-09-04,Turkey,981456.53,34.54345393023939
2023-09-05,Turkey,1005747.55,31.91435327926701
2023-09-06,Turkey,1025185.74,32.37957419720542
2023-09-07,Turkey,1028682.59,34.088705873804074
2023-09-08,Turkey,1017370.77,38.71868085122547
2023-09-09,Turkey,963050.97,39.100177556232246
2023-09-10,Turkey,849672.26,47.20905087441512
2023-09-11,Turkey,944513.37,42.33995519203728
2023-09-12,Turkey,958047.19,35.00429942265999
2023-09-13,Turkey,946475.75,31.812801161301223
2023-09-14,Turkey,948094.63,29.22113103855167
2023-09-15,Turkey,947958.1,29.454847426142862
2023-09-16,Turkey,908671.47,36.09859046638468
2023-09-17,Turkey,823226.59,47.185520153348655
2023-09-18,Turkey,925273.22,43.092394793310554
2023-09-19,Turkey,941198.87,35.366434862729
2023-09-20,Turkey,942430.99,28.28574584649552
2023-09-21,Turkey,943035.41,27.276768118456364
2023-09-22,Turkey,947672.16,24.438918141230754
2023-09-23,Turkey,916556.87,28.057896957348927
2023-09-24,Turkey,826182.9,30.748971813796384
2023-09-25,Turkey,935704.68,33.4687126320123
2023-09-26,Turkey,954886.71,35.375989645644914
2023-09-27,Turkey,947626.42,32.44133379653481
2023-09-28,Turkey,933465.29,27.726769036555904
2023-09-29,Turkey,918408.48,25.32029221357355
2023-09-30,Turkey,863388.1699999999,29.26862173596839
2023-10-01,Turkey,745774.16,38.813937067992875
2023-10-02,Turkey,842112.62,42.7420419050668
2023-10-03,Turkey,858491.37,40.69639319346249
2023-10-04,Turkey,865872.1,29.933472161781218
2023-10-05,Turkey,864496.17,28.523176489439933
2023-10-06,Turkey,864483.75,29.880884366504766
2023-10-07,Turkey,824772.68,36.11426469214229
2023-10-08,Turkey,734969.15,30.95294293009527
2023-10-09,Turkey,842533.83,36.463544165010624
2023-10-10,Turkey,865929.7,31.396429865202098
2023-10-11,Turkey,866968.16,43.97457079331982
2023-10-12,Turkey,864942.41,31.892553844916492
2023-10-13,Turkey,862664.61,27.07434972265233
2023-10-14,Turkey,825847.52,29.178704198275113
2023-10-15,Turkey,734221.62,28.444391396215345
2023-10-16,Turkey,837695.96,33.41228818190329
2023-10-17,Turkey,860160.47,32.68659322640174
2023-10-18,Turkey,870312.42,29.549400874532623
2023-10-19,Turkey,860432.12,26.996275801185966
2023-10-20,Turkey,852673.23,33.815212310324036
2023-10-21,Turkey,815233.9,31.65331546937776
2023-10-22,Turkey,728020.53,29.64625138543963
2023-10-23,Turkey,838867.7,27.574532178721984
2023-10-24,Turkey,862491.29,25.089005972752172
2023-10-25,Turkey,858280.75,31.079795071632134
2023-10-26,Turkey,861990.3,37.895832826928846
2023-10-27,Turkey,851894.0700000001,40.58311607814237
2023-10-28,Turkey,792490.07,37.95553773895363
2023-10-29,Turkey,707508.4,28.771209531343565
2023-10-30,Turkey,834116.29,28.792353634342682
2023-10-31,Turkey,856469.41,25.824166117276377
2023-11-01,Turkey,855140.93,30.42407999336444
2023-11-02,Turkey,859041.05,28.063293175958904
2023-11-03,Turkey,849021.62,36.78301603537336
2023-11-04,Turkey,816396.17,43.9665514103951
2023-11-05,Turkey,719057.03,44.566157174756135
2023-11-06,Turkey,825855.52,35.66109687791922
2023-11-07,Turkey,850722.53,24.449589947705867
2023-11-08,Turkey,852423.19,24.697238831459423
2023-11-09,Turkey,858432.2,27.93622067967757
2023-11-10,Turkey,851641.17,28.158263542009728
2023-11-11,Turkey,820319.23,46.54641532958239
2023-11-12,Turkey,722874.82,38.44522466574875
2023-11-13,Turkey,838780.95,34.802363231990306
2023-11-14,Turkey,859844.05,29.044955931546756
2023-11-15,Turkey,859158.33,36.287588285089775
2023-11-16,Turkey,876574.65,33.218166938502854
2023-11-17,Turkey,859710.31,32.91522231335711
2023-11-18,Turkey,837646.18,45.53661363143017
2023-11-19,Turkey,758008.3,44.96088356613285
2023-11-20,Turkey,891954.31,36.26082951907356
2023-11-21,Turkey,911578.54,35.30566601421925
2023-11-22,Turkey,907252.15,41.49044644564237
2023-11-23,Turkey,899154.8099999999,33.62806041236915
2023-11-24,Turkey,898918.81,37.532858087090894
2023-11-25,Turkey,867577.08,51.47715161425936
2023-11-26,Turkey,775956.37,48.45195666357196
2023-11-27,Turkey,920715.0,37.562173741038
2023-11-28,Turkey,952232.9,46.200832242621125
2023-11-29,Turkey,946565.06,47.60438059284762
2023-11-30,Turkey,937225.68,37.94886875610628
2023-12-01,Turkey,907313.23,46.72018082287479
2023-12-02,Turkey,860345.59,49.564946118112324
2023-12-03,Turkey,767869.44,53.00509089093532
2023-12-04,Turkey,897898.41,42.28126893067509
2023-12-05,Turkey,927808.8200000001,32.32073966310575
2023-12-06,Turkey,939926.74,33.61177763402376
2023-12-07,Turkey,943154.18,35.44482936524492
2023-12-08,Turkey,949337.46,44.49947755816323
2023-12-09,Turkey,904036.02,45.9399605772051
2023-12-10,Turkey,802667.07,39.555964636690014
2023-12-11,Turkey,926941.68,37.33686300663386
2023-12-12,Turkey,953820.01,35.7308772880706
2023-12-13,Turkey,944286.64,41.94760112805256
2023-12-14,Turkey,929045.37,51.74651385013351
2023-12-15,Turkey,925307.66,49.673573153747704
2023-12-16,Turkey,888582.76,50.935654657600935
2023-12-17,Turkey,801578.76,54.420902613630275
2023-12-18,Turkey,926616.41,43.84714367035776
2023-12-19,Turkey,956019.08,37.03913823693598
2023-12-20,Turkey,950069.21,39.523679895366286
2023-12-21,Turkey,966440.64,40.96494692257652
2023-12-22,Turkey,959226.76,45.86524212969639
2023-12-23,Turkey,895047.21,48.2062788788713
2023-12-24,Turkey,793594.95,50.453657265595865
2023-12-25,Turkey,895321.68,50.12579482641212
2023-12-26,Turkey,911963.1900000001,47.543816376733275
2023-12-27,Turkey,909315.54,42.90871298392297
2023-12-28,Turkey,905605.21,40.76318452683118
2023-12-29,Turkey,892609.49,39.44811184508684
2023-12-30,Turkey,834855.23,41.59253131074356
2023-12-31,Turkey,741161.27,38.57901967641234
2024-01-01,Turkey,724821.03,47.47804220950169
2024-01-02,Turkey,885724.29,43.06458574110616
2024-01-03,Turkey,924218.93,44.84465960204973
2024-01-04,Turkey,922904.86,46.634403983885704
2024-01-05,Turkey,912127.19,41.584779994704526
2024-01-06,Turkey,872200.41,50.94030519661765
2024-01-07,Turkey,793777.21,63.025974001783126
2024-01-08,Turkey,913937.09,56.22838561045379
2024-01-09,Turkey,962417.11,50.64668350614681
2024-01-10,Turkey,984130.65,50.68836291365357
2024-01-11,Turkey,988885.93,43.597427815136406
2024-01-12,Turkey,988761.53,42.833410531089726
2024-01-13,Turkey,942674.88,49.29165771580728
2024-01-14,Turkey,836987.47,44.344932536784995
2024-01-15,Turkey,977368.94,53.170584869968096
2024-01-16,Turkey,984552.69,49.42159539108184
2024-01-17,Turkey,974038.3099999999,40.450842165085604
2024-01-18,Turkey,967213.18,54.56829206646632
2024-01-19,Turkey,940057.98,58.00113101286867
2024-01-20,Turkey,899415.12,57.08602258975394
2024-01-21,Turkey,822457.47,61.8241838584454
2024-01-22,Turkey,953606.01,59.8488587185856
2024-01-23,Turkey,985824.97,51.78233990709563
2024-01-24,Turkey,985335.14,52.680107413656664
2024-01-25,Turkey,991223.72,44.52894563283177
2024-01-26,Turkey,994712.74,45.111932483368314
2024-01-27,Turkey,936539.27,47.80503740298695
2024-01-28,Turkey,834947.4299999999,52.28397590796602
2024-01-29,Turkey,992437.79,53.163662578932545
2024-01-30,Turkey,1018137.95,53.352141057650215
2024-01-31,Turkey,1010304.94,52.97837635209459
2024-02-01,Turkey,984901.5700000001,41.409269347451634
2024-02-02,Turkey,978313.15,39.60649741336415
2024-02-03,Turkey,926009.45,40.73480370578632
2024-02-04,Turkey,829409.41,40.69692475875851
2024-02-05,Turkey,955019.04,43.36278350353485
2024-02-06,Turkey,944599.83,43.995542782073855
2024-02-07,Turkey,937441.92,51.83778032468086
2024-02-08,Turkey,929707.12,53.699618377309
2024-02-09,Turkey,921567.79,47.81432047490331
2024-02-10,Turkey,872088.85,58.79952015996051
2024-02-11,Turkey,771540.58,63.016057967936426
2024-02-12,Turkey,897374.0599999999,58.636208119968046
2024-02-13,Turkey,931643.87,45.39345305679418
2024-02-14,Turkey,955271.18,47.525712894307944
2024-02-15,Turkey,958217.08,54.707490624671195
2024-02-16,Turkey,958297.48,54.25452634673425
2024-02-17,Turkey,912428.97,54.272886341244075
2024-02-18,Turkey,809141.64,52.115570578486206
2024-02-19,Turkey,941664.89,50.433701077638304
2024-02-20,Turkey,955607.63,45.121418307916294
2024-02-21,Turkey,963705.7,41.773380681682745
2024-02-22,Turkey,951416.88,39.85082229808419
2024-02-23,Turkey,932042.1799999999,49.12835064303476
2024-02-24,Turkey,864234.85,52.84718539911418
2024-02-25,Turkey,768411.83,50.57559750227194
2024-02-26,Turkey,902408.99,48.403682595081435
2024-02-27,Turkey,918452.12,43.15195607178928
2024-02-28,Turkey,924446.12,40.65232773132306
2024-02-29,Turkey,903556.42,39.457187724627154
2024-03-01,Turkey,914670.34,43.56954348453057
2024-03-02,Turkey,872418.18,45.12936583684209
2024-03-03,Turkey,785573.22,41.41574565843009
2024-03-04,Turkey,896271.1,36.481122829870294
2024-03-05,Turkey,928344.65,43.317304784606684
2024-03-06,Turkey,947584.16,38.341712523110196
2024-03-07,Turkey,940997.15,35.72987291952525
2024-03-08,Turkey,946794.3,38.98345705346733
2024-03-09,Turkey,905468.91,37.443478375727565
2024-03-10,Turkey,803376.1,37.69704913733
2024-03-11,Turkey,900909.86,39.962637866605036
2024-03-12,Turkey,916693.86,48.65265215411087
2024-03-13,Turkey,925161.77,42.085781602892695
2024-03-14,Turkey,916057.11,33.08701099813241
2024-03-15,Turkey,924724.34,31.350545889150244
2024-03-16,Turkey,884450.88,34.447120123665854
2024-03-17,Turkey,784736.02,38.50037631421941
2024-03-18,Turkey,898433.67,37.72592014869113
2024-03-19,Turkey,909262.72,37.06422678295063
2024-03-20,Turkey,933764.5,43.295241521167604
2024-03-21,Turkey,942102.8,42.132373787741585
2024-03-22,Turkey,941069.45,42.956753597162646
2024-03-23,Turkey,891864.04,43.306823305788605
2024-03-24,Turkey,790940.62,49.88235002397733
2024-03-25,Turkey,909648.72,54.53991214918149
2024-03-26,Turkey,921728.98,45.26113720637339
2024-03-27,Turkey,911044.04,49.140454840101235
2024-03-28,Turkey,892320.22,54.149304961596854
2024-03-29,Turkey,877258.31,46.63176662990957
2024-03-30,Turkey,830640.08,46.63548208917418
2024-03-31,Turkey,714451.38,50.692810686118065
2024-04-01,Turkey,825236.05,50.87965276545338
2024-04-02,Turkey,850823.41,54.484769897671
2024-04-03,Turkey,856322.8,52.12360289701646
2024-04-04,Turkey,864929.38,51.53192746653884
2024-04-05,Turkey,855113.72,55.22048307181873
2024-04-06,Turkey,820936.25,59.1783451226276
2024-04-07,Turkey,753372.1,64.85310252444684
2024-04-08,Turkey,754441.77,71.94751152299706
2024-04-09,Turkey,675392.07,71.96170484326137
2024-04-10,Turkey,571902.23,71.73509287878379
2024-04-11,Turkey,570802.05,75.10801355295892
2024-04-12,Turkey,594002.03,76.30566136802398
2024-04-13,Turkey,643518.92,75.20882102609777
2024-04-14,Turkey,666078.27,73.97495860763324
2024-04-15,Turkey,802911.95,57.39186624022785
2024-04-16,Turkey,843034.13,59.4508823742797
2024-04-17,Turkey,862111.15,64.43665618215653
2024-04-18,Turkey,871473.27,61.74026738799557
2024-04-19,Turkey,878542.4299999999,54.73552582923925
2024-04-20,Turkey,842671.26,62.986469456016145
2024-04-21,Turkey,771315.79,62.02170929281346
2024-04-22,Turkey,865079.61,55.811236966903536
2024-04-23,Turkey,845590.68,55.17999426286389
2024-04-24,Turkey,901520.7,57.430534910750765
2024-04-25,Turkey,915180.32,51.3843704284004
2024-04-26,Turkey,904727.91,48.3094055925767
2024-04-27,Turkey,878384.69,55.8808709080518
2024-04-28,Turkey,785134.35,63.00561524410547
2024-04-29,Turkey,887460.2,59.36492663592685
2024-04-30,Turkey,902274.09,58.46709077365342
2024-05-01,Turkey,831625.48,58.71926066078319
2024-05-02,Turkey,890676.59,50.777479627944984
2024-05-03,Turkey,888792.9,51.20068087560159
2024-05-04,Turkey,858363.46,55.35294901885284
2024-05-05,Turkey,759758.02,65.49085766603402
2024-05-06,Turkey,859071.89,56.75393481872505
2024-05-07,Turkey,885796.03,49.893924610785824
2024-05-08,Turkey,894143.23,48.270719307917894
2024-05-09,Turkey,907040.97,49.0542356463169
2024-05-10,Turkey,894951.0700000001,58.76669562266086
2024-05-11,Turkey,869973.43,61.59825943328069
2024-05-12,Turkey,771340.72,60.028964957625476
2024-05-13,Turkey,891185.61,55.676023265179076
2024-05-14,Turkey,909101.39,49.89068092574546
2024-05-15,Turkey,898642.27,48.65387159451691
2024-05-16,Turkey,916986.81,45.735198320727385
2024-05-17,Turkey,913396.24,47.06453691199931
2024-05-18,Turkey,868814.12,47.07429818197499
2024-05-19,Turkey,768731.87,53.17944504459832
2024-05-20,Turkey,888981.52,50.13705163349722
2024-05-21,Turkey,919146.91,47.19095784467363
2024-05-22,Turkey,929872.5,44.57260980712148
2024-05-23,Turkey,920752.63,44.497104878746285
2024-05-24,Turkey,905445.5599999999,49.14011171578673
2024-05-25,Turkey,854956.85,56.813358824249015
2024-05-26,Turkey,759431.98,59.91727083069402
2024-05-27,Turkey,866599.59,54.78567107701371
2024-05-28,Turkey,886925.1,45.18346491654575
2024-05-29,Turkey,891886.49,43.216287476336916
2024-05-30,Turkey,893509.54,43.36597162575176
2024-05-31,Turkey,893328.55,44.87263024945068
2024-06-01,Turkey,861417.37,46.45856592476544
2024-06-02,Turkey,788902.64,46.20199335024905
2024-06-03,Turkey,936314.35,43.7788678360705
2024-06-04,Turkey,1000452.8,41.18765260834019
2024-06-05,Turkey,1021943.47,38.87327009153243
2024-06-06,Turkey,1034090.68,39.77507898347831
2024-06-07,Turkey,1033189.22,42.78491086434202
2024-06-08,Turkey,971048.67,46.11116437130182
2024-06-09,Turkey,867815.49,46.430589110416676
2024-06-10,Turkey,992672.66,37.82779120313949
2024-06-11,Turkey,1042099.9400000001,36.72690554029552
2024-06-12,Turkey,1070963.71,37.807539375194224
2024-06-13,Turkey,1097731.41,38.32151880507156
2024-06-14,Turkey,1050753.89,41.56338437168986
2024-06-15,Turkey,826711.29,52.54589949935489
2024-06-16,Turkey,699375.6,56.89775625434885
2024-06-17,Turkey,715085.38,57.01375752859062
2024-06-18,Turkey,748758.9,61.405780213044395
2024-06-19,Turkey,785882.17,61.719259806685656
2024-06-20,Turkey,915234.29,52.87096341504106
2024-06-21,Turkey,959693.8,54.23264225724835
2024-06-22,Turkey,945862.78,49.764123592085845
2024-06-23,Turkey,882146.64,46.59745891256002
2024-06-24,Turkey,1036389.71,38.45222375433894
2024-06-25,Turkey,1079979.55,39.2456702938453
2024-06-26,Turkey,1077079.6,40.76952865218711
2024-06-27,Turkey,1061288.68,36.91323640461153
2024-06-28,Turkey,1065553.36,38.04687275987668
2024-06-29,Turkey,1013361.85,46.48329562907081
2024-06-30,Turkey,921027.29,46.862480363396855
2024-07-01,Turkey,1041687.82,39.66248027251383
2024-07-02,Turkey,1082548.72,36.69707620032904
2024-07-03,Turkey,1091209.21,38.15713929249869
2024-07-04,Turkey,1080443.72,37.72375497983391
2024-07-05,Turkey,1057272.86,36.22281421276733
2024-07-06,Turkey,1015797.66,44.4575377548524
2024-07-07,Turkey,941945.49,47.452480436377456
2024-07-08,Turkey,1097471.84,43.19099773702099
2024-07-09,Turkey,1145749.1300000001,42.73877967477637
2024-07-10,Turkey,1155842.58,40.15623861365769
2024-07-11,Turkey,1143539.66,38.363092905290486
2024-07-12,Turkey,1135729.7,38.100345389552444
2024-07-13,Turkey,1077293.45,39.03737566158057
2024-07-14,Turkey,973069.66,44.55499278345862
2024-07-15,Turkey,1012329.64,44.06953717948074
2024-07-16,Turkey,1129845.32,39.734723207598485
2024-07-17,Turkey,1162850.25,37.91469830148311
2024-07-18,Turkey,1186097.91,39.86970631973403
2024-07-19,Turkey,1188587.33,41.81377445759008
2024-07-20,Turkey,1134016.07,39.73795605200113
2024-07-21,Turkey,1040673.5599999999,35.52483810244389
2024-07-22,Turkey,1172631.8,35.09075511997401
2024-07-23,Turkey,1203587.08,36.41416090333863
2024-07-24,Turkey,1184291.92,37.51142091824764
2024-07-25,Turkey,1157999.6099999999,37.414949533480495
2024-07-26,Turkey,1109080.57,34.993110916486
2024-07-27,Turkey,1051929.07,41.418716100903836
2024-07-28,Turkey,969327.15,43.623571470076214
2024-07-29,Turkey,1105405.12,37.41785131858138
2024-07-30,Turkey,1134746.48,39.64512268858275
2024-07-31,Turkey,1122892.27,38.74494735019938
2024-08-01,Turkey,1124543.68,35.32571580719165
2024-08-02,Turkey,1121943.65,31.102476651273776
2024-08-03,Turkey,1070821.13,30.37663189001187
2024-08-04,Turkey,978652.08,31.08163810090112
2024-08-05,Turkey,1116738.34,33.23678203058971
2024-08-06,Turkey,1138851.5,31.058198581863337
2024-08-07,Turkey,1131889.27,33.32327438802846
2024-08-08,Turkey,1135662.52,32.964484429820445
2024-08-09,Turkey,1131574.43,32.505198983774264
2024-08-10,Turkey,1077988.12,35.75147464084553
2024-08-11,Turkey,981155.57,44.42824576527155
2024-08-12,Turkey,1123636.21,38.647563567615265
2024-08-13,Turkey,1158826.42,34.3397513147346
2024-08-14,Turkey,1167504.1,34.1344032894004
2024-08-15,Turkey,1168557.69,37.19024460722578
2024-08-16,Turkey,1146134.51,42.345386075101
2024-08-17,Turkey,1061973.47,42.28726224448257
2024-08-18,Turkey,966852.96,35.97919433331146
2024-08-19,Turkey,1113455.22,29.61248841553611
2024-08-20,Turkey,1146757.29,30.065510886744697
2024-08-21,Turkey,1149745.26,31.423530427657987
2024-08-22,Turkey,1151736.97,34.37654670258689
2024-08-23,Turkey,1139495.37,36.05768604386437
2024-08-24,Turkey,1066652.13,38.66544073097791
2024-08-25,Turkey,947354.69,38.393756452726365
2024-08-26,Turkey,1081408.35,35.07678750201378
2024-08-27,Turkey,1095636.46,32.85828040602186
2024-08-28,Turkey,1090769.46,31.725979498992483
2024-08-29,Turkey,1086816.39,31.634038558627786
2024-08-30,Turkey,980173.62,32.14032605539304
2024-08-31,Turkey,948827.96,31.483552350206722
2024-09-01,Turkey,865166.18,32.32683513319102
2024-09-02,Turkey,989330.24,29.130934739604168
2024-09-03,Turkey,1026718.6,28.995430059589435
2024-09-04,Turkey,1039710.37,33.622301534543055
2024-09-05,Turkey,1038426.41,33.748433695444206
2024-09-06,Turkey,1028824.81,33.71249606560595
2024-09-07,Turkey,983830.31,33.26867159160854
2024-09-08,Turkey,881105.08,38.74761770265247
2024-09-09,Turkey,994606.22,32.608369840647384
2024-09-10,Turkey,1019658.88,31.616222366095382
2024-09-11,Turkey,1013631.35,33.87500449759756
2024-09-12,Turkey,1015295.49,30.56508201271945
2024-09-13,Turkey,1015499.22,32.1269568863117
2024-09-14,Turkey,965690.4,33.89315409538234
2024-09-15,Turkey,855270.21,31.96744482457828
2024-09-16,Turkey,942827.22,30.03424752075427
2024-09-17,Turkey,956275.59,33.25465302636865
2024-09-18,Turkey,951962.92,34.893338298456136
2024-09-19,Turkey,937863.47,37.280519097127666
2024-09-20,Turkey,917899.99,37.931146656526586
2024-09-21,Turkey,859311.66,44.3375484764517
2024-09-22,Turkey,750094.4,42.34149986380032
2024-09-23,Turkey,868687.02,35.20139084158584
2024-09-24,Turkey,898514.1,32.99744277635121
2024-09-25,Turkey,905526.47,30.8702793868069
2024-09-26,Turkey,915157.02,32.35259777847748
2024-09-27,Turkey,915482.46,32.79995727483719
2024-09-28,Turkey,878948.9500000001,31.908780983345874
2024-09-29,Turkey,785806.42,33.18644833103052
2024-09-30,Turkey,879442.6,41.55928045997094
2024-10-01,Turkey,887823.53,35.27743719138984
2024-10-02,Turkey,884920.54,33.596769665014506
2024-10-03,Turkey,885392.68,30.617814311024805
2024-10-04,Turkey,885770.98,33.970632294153866
2024-10-05,Turkey,850019.13,34.494018972473626
2024-10-06,Turkey,760313.82,36.72141912258965
2024-10-07,Turkey,870034.42,33.87406401111875
2024-10-08,Turkey,895889.53,32.92920844823452
2024-10-09,Turkey,897632.2,32.05872383816275
2024-10-10,Turkey,897388.99,31.633931687807483
2024-10-11,Turkey,895999.9,31.865634778137753
2024-10-12,Turkey,856574.9299999999,32.20507308179208
2024-10-13,Turkey,757907.63,35.851419623110495
2024-10-14,Turkey,863449.41,32.960705036652875
2024-10-15,Turkey,886185.71,33.26562266271855
2024-10-16,Turkey,889249.79,39.04519194670553
2024-10-17,Turkey,888901.67,46.06644043789852
2024-10-18,Turkey,882185.11,43.4954648134226
2024-10-19,Turkey,844682.55,41.204231656043014
2024-10-20,Turkey,762770.54,46.1259429866088
2024-10-21,Turkey,882053.86,44.96797062238492
2024-10-22,Turkey,915618.95,40.674890808666916
2024-10-23,Turkey,913551.05,35.04883034353586
2024-10-24,Turkey,912517.57,39.148620454021916
2024-10-25,Turkey,910020.0599999999,39.13656439551609
2024-10-26,Turkey,861675.56,37.652985308001526
2024-10-27,Turkey,758632.04,35.90111530808476
2024-10-28,Turkey,808682.79,32.89354272894761
2024-10-29,Turkey,793986.66,39.88778571680306
2024-10-30,Turkey,887192.37,41.18670813407935
2024-10-31,Turkey,908375.84,39.91524883216495
2024-11-01,Turkey,898795.5,34.787925753615276
2024-11-02,Turkey,861661.17,28.825062255960987
2024-11-03,Turkey,779387.79,46.42238450391407
2024-11-04,Turkey,898166.89,37.93427092592713
2024-11-05,Turkey,928799.35,42.50067317399233
2024-11-06,Turkey,932653.02,37.492057665076786
2024-11-07,Turkey,933358.39,39.427429017279195
2024-11-08,Turkey,926254.13,37.465022252694276
2024-11-09,Turkey,888031.64,41.7051966815
2024-11-10,Turkey,800534.06,40.22430525425242
2024-11-11,Turkey,910327.03,31.81495285507408
2024-11-12,Turkey,929448.15,25.914058726208488
2024-11-13,Turkey,929437.11,25.43563559801661
2024-11-14,Turkey,929879.99,26.318582036897887
2024-11-15,Turkey,929057.37,27.775577971524807
2024-11-16,Turkey,894240.19,38.425424612307935
2024-11-17,Turkey,808488.67,33.6486392100386
2024-11-18,Turkey,932863.78,27.033912765206665
2024-11-19,Turkey,948004.04,26.21736735037513
2024-11-20,Turkey,951518.75,37.625244344138345
2024-11-21,Turkey,952531.99,42.41021420857537
2024-11-22,Turkey,943977.9,38.791807985316694
2024-11-23,Turkey,901205.16,43.76858816495554
2024-11-24,Turkey,822765.47,45.0476540470136
2024-11-25,Turkey,962208.61,37.79038189454607
2024-11-26,Turkey,1003822.9299999999,31.536998226107222
2024-11-27,Turkey,1001669.98,29.091686315254684
2024-11-28,Turkey,1003499.03,28.18662544587071
2024-11-29,Turkey,979222.35,29.535756271627907
2024-11-30,Turkey,910272.37,35.053382451424696
2024-12-01,Turkey,831246.86,38.32517723257388
2024-12-02,Turkey,961976.34,32.97771105503988
2024-12-03,Turkey,996404.42,31.135578900204695
2024-12-04,Turkey,1001013.48,27.40848512557398
2024-12-05,Turkey,993252.66,26.35131090168605
2024-12-06,Turkey,977933.86,27.390597485292943
2024-12-07,Turkey,925100.97,36.51497438711744
2024-12-08,Turkey,829651.5,42.84234775131532
2024-12-09,Turkey,936576.33,42.84186138851544
2024-12-10,Turkey,957650.62,38.85789015235618
2024-12-11,Turkey,979971.27,28.527340402483436
2024-12-12,Turkey,993188.37,26.87386648933246
2024-12-13,Turkey,999378.01,32.46189955857606
2024-12-14,Turkey,946177.71,31.61362379716311
2024-12-15,Turkey,867489.35,39.90870649459406
2024-12-16,Turkey,1009052.32,32.85804719078855
2024-12-17,Turkey,1015662.28,28.41319532436429
2024-12-18,Turkey,1014403.44,26.503337965273076
2024-12-19,Turkey,1017644.2,25.719459537781713
2024-12-20,Turkey,1011695.01,33.63845483913322
2024-12-21,Turkey,953287.6900000001,37.76047161619039
2024-12-22,Turkey,856167.67,29.416690933652074
2024-12-23,Turkey,985452.56,36.52260277140754
2024-12-24,Turkey,1006887.79,36.69199420137954
2024-12-25,Turkey,989673.22,35.92369849577292
2024-12-26,Turkey,999768.61,38.92155674490954
2024-12-27,Turkey,1005510.61,43.46330959668009
2024-12-28,Turkey,951146.07,41.78932223647586
2024-12-29,Turkey,866305.11,44.36382814085763
2024-12-30,Turkey,967607.83,36.64517091267105
2024-12-31,Turkey,916158.14,33.78291853138797
